item,name,group,party,district,constituency,state,stateLabel,gender,dob,dobPrecision,psid
Q10218,Rahul Gandhi,Q10225,Indian National Congress,Q7975848,Wayanad,,,male,1970-06-19,11,Q10218-233d7ef3-4672-9d46-d7de-87749ee28c38
Q104057437,Sunil Kumar,Q904827,Janata Dal (United),Q7912496,Valmiki Nagar,,,male,1984-07-07,11,Q104057437-F50FBDAD-D334-459A-AAA5-3F85B665B256
Q1058,"Modi, Shri Narendra Damodardas",Q10230,Bharatiya Janata Party,Q3630705,Varanasi,,,male,1950-09-17,11,Q1058-786E4161-3643-4640-822B-B1FCC992D0AC
Q106690852,Maddila Gurumoorthy,Q8046035,YSR Congress Party,Q3764514,Tirupati,,,male,1985-06-22,11,Q106690852-61EF85FC-8541-46F6-821A-C3DEC22FEA24
Q109385229,"Delkar, Smt. Kalaben Mohanbhai",Q59177,Shiv Sena,Q5208111,Dadra and Nagar Haveli,,,female,1971-01-01,9,Q109385229-48C1B015-A239-423C-97F6-4DB93304D5DD
Q109387155,"Patil, Shri Gyaneshwar",Q10230,Bharatiya Janata Party,Q3634216,Khandwa,,,male,,,Q109387155-C4A495BD-798E-402A-A598-83D812263B5F
Q112729907,Ghanshyam Singh Lodhi,Q10230,Bharatiya Janata Party,Q7290061,Rampur,,,male,1967-05-06,11,Q112729907-71ef4f15-4f29-b16c-1f63-45b49aace744
Q1151446,"Gowda, Shri Devaragunda Venkappa Sadananda",Q10230,Bharatiya Janata Party,Q4855069,Bangalore North,,,male,1953-03-19,11,Q1151446-FFEBD2B0-80DB-41F7-B105-661DE728F7ED
Q12438034,P. C. Mohan,Q10230,Bharatiya Janata Party,Q4855038,Bangalore Central,,,male,1963-07-24,11,Q12438034-8519FE3D-4FA3-4E14-92B8-2E0958D9A947
Q12457057,"Siddeshwara, Shri Gowdar Mallikarjunappa",Q10230,Bharatiya Janata Party,Q4877000,Davangere,,,male,1952-07-05,11,Q12457057-FBC0350F-9965-4F90-B6FD-9A724F449A16
Q13112648,"Chazhikadan, Shri Thomas",Q3690757,Kerala Congress (M),Q3595519,Kottayam,,,male,1952-09-25,11,Q13112648-0c01bb13-4b97-5cd6-3dd8-aa9636ce7477
Q13115267,Hibi Eden,Q10225,Indian National Congress,Q3595497,Ernakulam,,,male,1983-04-19,11,Q13115267-0104c1b9-4141-61e6-e9b2-ad773b08c91e
Q13115499,"Kolhe, Dr. Amol Ramsing",Q1561861,Nationalist Congress Party,Q7499000,Shirur,,,male,1980-10-18,11,Q13115499-5A21CB5E-C5E3-43D3-B6A1-6527BE3ADB9A
Q13426571,"Gao, Shri Tapir",Q10230,Bharatiya Janata Party,Q1659329,Arunachal East,,,male,1964-10-01,11,Q13426571-3AA3D081-3432-4A1C-B919-3E3EEC8A7386
Q13564443,"Premachandran, Shri N.K.",Q1635587,Revolutionary Socialist Party,Q3595286,Kollam,,,male,1960-05-25,11,Q13564443-bc6c2bf6-4ca8-5711-ff9c-d3fbf82a57ba
Q13564486,K. Muraleedharan,Q10225,Indian National Congress,Q3595264,Vadakara,,,male,1957-05-14,11,Q13564486-0a309c6d-4af2-e984-68d8-45701d5a4b07
Q14647783,Harsh Vardhan,Q10230,Bharatiya Janata Party,Q5071226,Chandni Chowk,,,male,1954-12-13,11,Q14647783-D618C8B5-F023-4B36-956A-54CD1093DCFB
Q15113996,"Lekhi, Smt. Meenakashi",Q10230,Bharatiya Janata Party,Q13118215,New Delhi,,,female,1967-04-30,11,Q15113996-C2C0F81C-54E7-43DC-A239-BDE3CAA8889A
Q15216956,"Singh, Shri Parvesh Sahib",Q10230,Bharatiya Janata Party,Q7984938,West Delhi,,,male,1977-11-07,11,Q15216956-CBD406CE-9B82-4F84-B36B-7BDDCA66CAEF
Q15239309,"Sadique, Mohammad",Q10225,Indian National Congress,Q5435297,Faridkot,,,male,1957-12-17,11,Q15239309-9517BA68-EB40-44A5-BB41-903A2D9B10A7
Q15456220,"Ahluwalia, Shri S.S.",Q10230,Bharatiya Janata Party,Q4860137,Bardhaman-Durgapur,,,male,1951-07-04,11,Q15456220-624F4AC6-A8BA-4D54-B085-F12D21AB82B8
Q15719409,"Simha, Shri Prathap",Q10230,Bharatiya Janata Party,Q5332086,Mysore,,,male,1979-06-21,11,Q15719409-FA64FAC3-585E-4B55-8677-F62ACAC30767
Q15730347,Rama Devi,Q10230,Bharatiya Janata Party,Q7494394,Sheohar,,,female,1965-07-07,11,Q15730347-729E14F9-1807-4238-9440-2E673BB432AD
Q158136,Kirron Kher,Q10230,Bharatiya Janata Party,Q5071061,Chandigarh,,,female,1952-06-14,11,Q158136-77C9FAF2-6362-4FF0-9F37-A1C7D86F5B88
Q15940945,Mala Rajya Laxmi Shah,Q10230,Bharatiya Janata Party,Q7694914,Tehri Garhwal,,,female,1950-08-23,11,Q15940945-3262F633-840A-4872-A4FB-68F8E3F22B67
Q16091391,Shafiqur Rahman Barq,Q1546941,Samajwadi Party,Q7409031,Sambhal,,,male,1930-07-11,11,Q16091391-95ED53CA-4DDF-4A29-BECD-A8AC31AE0A96
Q16145766,"Solanki, Dr. (Prof.) Kirit Premjibhai",Q10230,Bharatiya Janata Party,Q3764468,Ahmedabad West,,,male,1950-06-17,11,Q16145766-82780397-8CD6-46A4-8287-4D68771CD051
Q16149149,Rattan Lal Kataria,Q10230,Bharatiya Janata Party,Q4740955,Ambala,,,male,1951-12-19,11,Q16149149-BD13FED6-377A-48A7-BDAD-364B4DA5F4FC
Q16154549,Harsimrat Kaur Badal,Q148034,Shiromani Akali Dal,Q4869032,Bathinda,,,female,1966-07-25,11,Q16154549-4EC2E777-A7B0-4D8C-A91C-6C5D536496F5
Q16185592,"Singh, Shri Raj Kumar",Q10230,Bharatiya Janata Party,Q3632604,Arrah,,,male,1952-12-20,11,Q16185592-742C9DFA-D798-4BFF-BABD-539B0D20DE60
Q16186482,"Shetty, Shri Gopal Chinayya",Q10230,Bharatiya Janata Party,Q6935304,Mumbai North,,,male,1954-01-31,11,Q16186482-06A5809E-6B0C-4768-81F3-37D016C5FF43
Q16186580,Prasun Banerjee,Q912899,All India Trinamool Congress,Q3348243,Howrah,,,male,1955-04-06,11,Q16186580-CDC868FE-F1B6-44EE-B637-2EB82D960A0C
Q16186898,"Singh, Dr. Satya Pal",Q10230,Bharatiya Janata Party,Q3633352,Baghpat,,,male,1955-11-29,11,Q16186898-3B60E7B4-C483-4612-9884-79570ABF537B
Q16187254,Chhedi Paswan,Q10230,Bharatiya Janata Party,Q3633377,Sasaram,,,male,1956-02-04,11,Q16187254-EED12A9F-7E55-4F74-96B3-F2E5D08D8DCF
Q16187328,"Baheria, Shri Subhash Chandra",Q10230,Bharatiya Janata Party,Q4901736,Bhilwara,,,male,1956-12-17,11,Q16187328-4B61E322-A57E-43BC-9E1D-AB51C03A7069
Q16189554,"Vasava, Shri Mansukhbhai Dhanjibhai",Q10230,Bharatiya Janata Party,Q4901329,Bharuch,,,male,1957-06-01,11,Q16189554-754BD2D5-36B9-4EDB-9DC0-6BB6AF9BF437
Q16193188,Kaushalendra Kumar,Q904827,Janata Dal (United),Q6960794,Nalanda,,,male,1959-11-05,11,Q16193188-3C4125AA-40EC-46D9-9870-0254C13DC344
Q16193959,Ramesh Bidhuri,Q10230,Bharatiya Janata Party,Q7567023,South Delhi,,,male,1961-07-18,11,Q16193959-2C247BE8-278E-4AC4-B024-8EB020765AED
Q16195334,Sushil Kumar Singh,Q10230,Bharatiya Janata Party,Q4822111,Aurangabad,,,male,1963-06-27,11,Q16195334-E2D16BAE-B52F-4E94-85EB-9BE870AF4F4E
Q16195799,"Katheria, Prof. (Dr.) Ram Shankar",Q10230,Bharatiya Janata Party,Q5402455,Etawah,,,male,1964-09-21,11,Q16195799-0D5BC144-2AB0-45EF-BF65-82FF967DC9DC
Q16196721,"Suresh, Shri Doddalahalli Kempegowda",Q10225,Indian National Congress,Q4855074,Bangalore Rural,,,male,1966-04-08,11,Q16196721-98312B05-6D5F-4618-9B46-EEA1400B2CA5
Q16204971,"Sarania, Shri Naba (Hira) Kumar",Q327591,independent politician,Q1606670,Kokrajhar,,,male,1969-05-01,11,Q16204971-C92DB933-9494-445E-A1B3-1A2016BC869B
Q16212925,Chandan Singh,Q3634933,Lok Janshakti Party,Q3633321,Nawada,,,male,1987-06-08,11,Q16212925-C62BBF5F-2BBE-49F1-9DAD-519C8ABD4EA3
Q16215999,Kamlesh Paswan,Q10230,Bharatiya Janata Party,Q4857123,Bansgaon,,,male,1976-08-06,11,Q16215999-801C3210-B2DC-481C-AB64-268D7EBF882A
Q16221747,Gaurav Gogoi,Q10225,Indian National Congress,Q1606642,Kaliabor,,,male,1982-09-04,11,Q16221747-543525DC-1485-482B-9293-4F994D1823D5
Q16275112,"Shiyal, Dr. Bharatiben Dhirubhai",Q10230,Bharatiya Janata Party,Q4901564,Bhavnagar,,,female,1964-03-23,11,Q16275112-C7DE5AC5-5F1F-4AC1-9141-2ACCBBBA476B
Q16311140,"T. Sumathy (A) Thamizhachi Thangapandian, Dr.",Q1255973,Dravida Munnetra Kazhagam,Q3532431,Chennai South,,,female,1962-04-25,11,Q16311140-74BAAF65-0392-4C7B-98E7-7A11A4DF9B76
Q163225,"Gandhi, Smt. Sonia",Q10225,Indian National Congress,Q63117558,Rae Bareli,,,female,1946-12-09,11,Q163225-4A4F2E43-6A13-487F-BBAE-2F6215FD7C7F
Q16466363,"Singh, Shri Uday Pratap",Q10230,Bharatiya Janata Party,Q3634240,Hoshangabad,,,male,1964-06-09,11,Q16466363-4D8AA6F5-5A7C-4982-BC82-4F906D740207
Q16556653,"Patel, Shri Devji Mansingram",Q10230,Bharatiya Janata Party,Q6126953,Jalore,,,male,1976-09-25,11,Q16556653-282E567D-F0C8-4236-BC50-E4755830948F
Q16727503,"Bhamre, Dr. Subhash Ramrao",Q10230,Bharatiya Janata Party,Q5269854,Dhule,,,male,1953-09-11,11,Q16727503-28668381-7AF0-47D9-98D7-49C9D78432D0
Q16728004,Chirag Paswan,Q3634933,Lok Janshakti Party,Q12428079,Jamui,,,male,1982-10-31,11,Q16728004-3485CD1C-3F3A-40FC-9719-76235260E1C3
Q16728021,Ashwini Kumar Choubey,Q10230,Bharatiya Janata Party,Q5003234,Buxar,,,male,1953-01-02,11,Q16728021-DD217220-05F6-40C1-9C69-EF0FC88A8261
Q16728047,"Chudasama, Shri Rajeshbhai Naranbhai",Q10230,Bharatiya Janata Party,Q6311592,Junagadh,,,male,1982-04-10,11,Q16728047-B12DD05E-AD7F-4724-ACE2-C6BCF69AD4C4
Q16730131,Sanjay Haribhau Jadhav,Q59177,Shiv Sena,Q3763828,Parbhani,,,male,1967-06-01,11,Q16730131-78F0C84E-C7B6-48EC-8FD4-83A15AA513E4
Q16730213,"Jaunapuria, Shri Sukhbir Singh",Q10230,Bharatiya Janata Party,Q7821522,Tonk-Sawai Madhopur,,,male,1957-10-18,11,Q16730213-35F06976-E1B0-4080-95D9-9B43DCA31C1A
Q16730288,"Jayakumar, Dr. K.",Q10225,Indian National Congress,Q7785493,Thiruvallur,,,male,1950-03-01,11,Q16730288-DECC6E23-8B57-43DE-9778-12402CF08A9F
Q16731793,"Maadam, Smt. Poonamben Hematbhai",Q10230,Bharatiya Janata Party,Q6148068,Jamnagar,,,female,1974-08-23,11,Q16731793-27570957-62D3-4ACB-93D5-51CBA9A9AB79
Q16731909,"Mandlik, Prof. Sanjay Sadashivrao",Q59177,Shiv Sena,Q13512172,Kolhapur,,,male,1964-04-13,11,Q16731909-F522C5FD-1CAF-4078-A036-B2662313D539
Q16733274,"Nete, Shri Ashok Mahadeorao",Q10230,Bharatiya Janata Party,Q12423118,Gadchiroli-Chimur,,,male,1964-01-01,9,Q16733274-73C5F42A-E900-415E-91A4-BA786CAE948F
Q16734269,"Patil, Shri Kapil Moreshwar",Q10230,Bharatiya Janata Party,Q4901857,Bhiwandi,,,male,1961-01-01,9,Q16734269-E892A5AC-2474-4364-ADDB-67C5875F98B9
Q16734872,Nityanand Rai,Q10230,Bharatiya Janata Party,Q7878191,Ujiarpur,,,male,1966-01-01,11,Q16734872-3B7B824F-CDF6-40AF-925D-D2990D858A85
Q16735024,"Raut, Shri Vinayak Bhaurao",Q59177,Shiv Sena,Q12448769,Ratnagiri-Sindhudurg,,,male,1954-03-15,11,Q16735024-A601E1CF-2773-40E1-9620-70F48B8C41A2
Q16736870,"Jyoti, Sadhvi Niranjan",Q10230,Bharatiya Janata Party,Q5437428,Fatehpur,,,female,1967-01-01,9,Q16736870-81BD5F49-2BEB-4010-B0C5-91A18C339E4D
Q16736874,Riti Pathak,Q10230,Bharatiya Janata Party,Q7508585,Sidhi,,,female,1977-07-01,11,Q16736874-BAEC3F31-F557-4659-8889-48A4A126FB7C
Q16736880,"Verma, Smt. Rekha Arun",Q10230,Bharatiya Janata Party,Q12434696,Dhaurahra,,,female,1973-05-20,11,Q16736880-800B8B64-6BBC-47C6-9FD0-7A161575BABC
Q16736885,"Patil, Shri Sanjay(Kaka) Ramchandra",Q10230,Bharatiya Janata Party,Q7418045,Sangli,,,male,1965-01-04,11,Q16736885-F8C082A1-68B6-4C9D-B74F-838695BCECD6
Q16736891,Jugal Kishore Sharma,Q10230,Bharatiya Janata Party,Q6147990,Jammu,,,male,1962-12-05,11,Q16736891-02FD9311-F222-440B-998D-69E049141E80
Q16736893,Bhola Singh,Q10230,Bharatiya Janata Party,Q3634190,Bulandshahr,,,male,1977-09-10,11,Q16736893-e0b126ea-44ad-a4d6-a312-13469c16b6b5
Q16736894,Giriraj Singh,Q10230,Bharatiya Janata Party,Q4880639,Begusarai,,,male,1952-09-08,11,Q16736894-5C35EE8D-579A-40AF-A066-3510AEB2F89E
Q16736900,"Tadas, Shri Ramdas Chandrabhanji",Q10230,Bharatiya Janata Party,Q3764479,Wardha,,,male,1953-04-01,11,Q16736900-DD5ED450-73CE-4E6A-8270-29A6CBED795A
Q16736901,Ajay Tamta,Q10230,Bharatiya Janata Party,Q3632592,Almora,,,male,1972-07-16,11,Q16736901-FB671CBC-BDDB-4AB7-8FB3-993D6550E840
Q16736906,"Devi, Smt. Veena",Q3634933,Lok Janshakti Party,Q7908854,Vaishali,,,female,1967-03-21,11,Q16736906-A6A59FDD-D776-4AC0-BD54-C93C8F9739D0
Q16736907,"Vichare, Shri Rajan Baburao",Q59177,Shiv Sena,Q7710231,Thane,,,male,1961-08-01,11,Q16736907-E4568D21-E226-4C17-9A5A-E40F5BC27217
Q16736908,"Chavda, Shri Vinod",Q10230,Bharatiya Janata Party,Q6344634,Kachchh,,,male,1979-03-06,11,Q16736908-C5B61715-F092-4A7B-8C3E-358CA52442B5
Q16736909,"Ram, Shri Vishnu Dayal",Q10230,Bharatiya Janata Party,Q3632686,Palamu,,,male,1951-07-23,11,Q16736909-496C879E-3FF2-422F-B4A7-C395C50E5C9E
Q16875313,Satyadev Pachauri,Q10230,Bharatiya Janata Party,Q11032972,Kanpur,,,male,1947-08-12,11,Q16875313-27B3EA8D-B703-4500-954E-34E7021FD848
Q16885675,Janardan Singh Sigriwal,Q10230,Bharatiya Janata Party,Q6733273,Maharajganj,,,male,1959-01-02,11,Q16885675-09FD3512-D493-4F1E-A926-4EB3C03CA314
Q16885696,Renuka Singh,Q10230,Bharatiya Janata Party,Q255234,Surguja,,,female,1964-01-05,11,Q16885696-B6D5A8AF-53D7-4B98-A5A6-6E9A7B549963
Q16886057,Rameswar Teli,Q10230,Bharatiya Janata Party,Q1606690,Dibrugarh,,,male,1970-08-14,11,Q16886057-94B6D25E-5A1E-4687-9EB3-5369EF60EAEC
Q16890500,"Sawant, Shri Arvind Ganpat",Q59177,Shiv Sena,Q12446954,Mumbai South,,,male,1951-12-31,11,Q16890500-5180996C-2E30-4641-B5E4-DAEDF5AF8D13
Q16890620,Mahesh Sharma,Q10230,Bharatiya Janata Party,Q5527870,Gautam Buddha Nagar,,,male,1959-09-30,11,Q16890620-DB038857-14E2-4615-918F-4C54E9F3DADB
Q16890657,"Shewale, Shri Rahul Ramesh",Q59177,Shiv Sena,Q6935325,Mumbai South Central,,,male,1973-04-14,11,Q16890657-45751CED-A5C7-4C0A-8D72-4C0644C28746
Q16890659,"Singh, Shri Rajveer (Raju Bhaiya)",Q10230,Bharatiya Janata Party,Q3634262,Etah,,,male,1959-01-01,9,Q16890659-E29B4709-D17E-4CB6-902B-C2F56F0B5753
Q16897819,Ajay Nishad,Q10230,Bharatiya Janata Party,Q3633305,Muzaffarpur,,,male,1966-10-02,11,Q16897819-526BD639-85BC-4837-B480-8DE007AB4479
Q16897821,Afrin Ali,Q912899,All India Trinamool Congress,Q4783993,Arambagh,,,female,1986-01-08,11,Q16897821-CED0B7CC-BDA1-49AD-86AE-0FFA28D99A22
Q16897834,Bidyut Baran Mahato,Q10230,Bharatiya Janata Party,Q6148213,Jamshedpur,,,male,1963-02-15,11,Q16897834-958496D0-87A7-448B-B5E1-967E832458A2
Q16897859,Devusinh Jesingbhai Chauhan,Q10230,Bharatiya Janata Party,Q6401180,Kheda,,,male,1964-10-29,11,Q16897859-FF903E09-F5AF-43D6-92CE-CAC49046BCA9
Q16897860,"Dharambir Singh, Shri",Q10230,Bharatiya Janata Party,Q4901856,Bhiwani-Mahendragarh,,,male,1955-03-05,11,Q16897860-7BAD038A-2D35-4EF0-9EFB-1D772E5F158E
Q16897863,Dipsinh Shankarsinh Rathod,Q10230,Bharatiya Janata Party,Q7395911,Sabarkantha,,,male,1952-06-01,11,Q16897863-D5038017-7274-4112-8383-501718E63D16
Q16897886,"Bhabhor, Shri Jaswantsinh Sumanbhai",Q10230,Bharatiya Janata Party,Q5208930,Dahod,,,male,1957-06-01,11,Q16897886-18E98EE9-2A81-4A99-8097-FF9FC25CA963
Q16897887,Jayant Sinha,Q10230,Bharatiya Janata Party,Q3632585,Hazaribagh,,,male,1963-04-21,11,Q16897887-823C5460-0BE2-407B-96A7-8002775352B9
Q16897888,"Patel, Dr. K. C.",Q10230,Bharatiya Janata Party,Q7912607,Valsad,,,male,1950-01-10,11,Q16897888-82C6FF3C-F781-4C02-9EF9-7A3D7F900CFF
Q16897895,"Kesineni, Shri Srinivas",Q2279320,Telugu Desam Party,Q3765236,Vijayawada,,,male,1966-01-22,11,Q16897895-C90A8AFF-E171-4957-86FA-2EFE5B7FE6F7
Q16901147,"Gurjar, Shri Krishan Pal",Q10230,Bharatiya Janata Party,Q5435282,Faridabad,,,male,1957-09-04,11,Q16901147-A9EED50D-B094-4535-8F88-C0068B887F0C
Q16901167,Manoj Rajoria,Q10230,Bharatiya Janata Party,Q6368815,Karauli-Dholpur,,,male,1969-12-19,11,Q16901167-EF1C072C-216F-4F00-82CE-0CB65F734D17
Q16901193,"Reddy, Shri P.V. Midhun",Q8046035,YSR Congress Party,Q3764476,Rajampet,,,male,1977-08-29,11,Q16901193-97C3AED1-93D1-41FA-8F6D-A83BA2C8F001
Q16901220,"Kaushik, Shri Ramesh Chander",Q10230,Bharatiya Janata Party,Q7561886,Sonipat,,,male,1956-12-03,11,Q16901220-83C44FC1-0DA5-4BE7-830C-FE6315FE9A78
Q16901223,"Ram Mohan Naidu, Shri Kinjarapu",Q2279320,Telugu Desam Party,Q3764487,Srikakulam,,,male,1987-12-18,11,Q16901223-00048581-FB4D-4FBD-BAD2-6315DFC508E7
Q16901265,Santokh Singh Chaudhary,Q10225,Indian National Congress,Q6126633,Jalandhar,,,male,1946-06-18,11,Q16901265-236B9C31-F205-436F-986F-21505AD714F4
Q16901266,Santosh Kumar,Q904827,Janata Dal (United),Q3633423,Purnia,,,male,1976-02-05,11,Q16901266-6D0AA15F-EB90-497E-A98D-FC3CB723C495
Q16901268,"Saumitra, Shri Khan",Q10230,Bharatiya Janata Party,Q4917381,Bishnupur,,,male,1980-12-08,11,Q16901268-4354E990-C66A-46FA-A74D-46C43FFA728F
Q16901282,"Mondal, Shri Sunil Kumar",Q912899,All India Trinamool Congress,Q4860138,Bardhaman Purba,,,male,1958-05-16,11,Q16901282-F6583C10-4CBB-439C-908F-A6899C7AD769
Q16901283,"Singh, Shri Sunil Kumar",Q10230,Bharatiya Janata Party,Q5087772,Chatra,,,male,1962-01-10,11,Q16901283-E58E05EC-A05E-4C65-B17A-F68AA22B9315
Q16901304,"Vasava, Shri Prabhubhai Nagarbhai",Q10230,Bharatiya Janata Party,Q4860193,Bardoli,,,male,1970-03-01,11,Q16901304-664477E1-9696-4925-9EC0-51014CFD5A26
Q16901307,"Hansdak, Shri Vijay Kumar",Q3273397,Jharkhand Mukti Morcha,Q7286307,Rajmahal,,,male,1982-10-27,11,Q16901307-F53D93E6-7AFC-473E-8EFF-629906ADE3FC
Q16901316,Y. S. Avinash Reddy,Q8046035,YSR Congress Party,Q3764405,Kadapa,,,male,1984-08-27,11,Q16901316-450E8E86-4985-4BB0-8B2F-85D3CEAA7A86
Q16902072,"Misra, Shri Ajay (Teni)",Q10230,Bharatiya Janata Party,Q13512175,Kheri,,,male,1960-09-25,11,Q16902072-9C31BD3F-5E31-4D47-A940-502D62A29688
Q16902085,Arjunlal Meena,Q10230,Bharatiya Janata Party,Q7876885,Udaipur,,,male,,,Q16902085-ADE034A5-7725-4691-8240-636FAF59EED5
Q16902095,Bhagwanth Khuba,Q10230,Bharatiya Janata Party,Q3883318,Bidar,,,male,1967-06-01,11,Q16902095-b2429da3-4ebf-6a48-f970-8fdbd694d9c6
Q16902149,Harish Dwivedi,Q10230,Bharatiya Janata Party,Q4868265,Basti,,,male,1973-10-22,11,Q16902149-D9214159-BC16-4524-AE1C-0DD195A5F30B
Q16902156,Janardan Mishra,Q10230,Bharatiya Janata Party,Q7319005,Rewa,,,male,1956-05-01,11,Q16902156-1DD29B39-0888-4698-9CE5-B82ED36660EB
Q16902172,"Karadi, Shri Sanganna Amarappa",Q10230,Bharatiya Janata Party,Q4348317,Koppal,,,male,1950-05-08,11,Q16902172-599CE229-A434-4578-8C87-6DF72B3C64B4
Q16902174,"Kashyap, Shri Dharmendra Kumar",Q10230,Bharatiya Janata Party,Q4778703,Aonla,,,male,1968-06-01,11,Q16902174-AC954648-58F8-45D7-B52A-0A834EAC6A81
Q16902176,Kaushal Kishore,Q10230,Bharatiya Janata Party,Q3823603,Mohanlalganj,,,male,1960-01-25,11,Q16902176-38C8E252-53C7-482E-9D90-992127547BBC
Q16902191,Lallu Singh,Q10230,Bharatiya Janata Party,Q5431351,Faizabad,,,male,1954-11-01,11,Q16902191-2FB4887E-C3E3-4469-B6CE-9B4BCCCC7EBA
Q16902198,Mahendra Nath Pandey,Q10230,Bharatiya Janata Party,Q5070983,Chandauli,,,male,1957-10-15,11,Q16902198-05156E8F-C910-47D4-B35A-92485BBEAE53
Q16902209,Mukesh Rajput,Q10230,Bharatiya Janata Party,Q5436365,Farrukhabad,,,male,1968-08-08,11,Q16902209-0FAF3B2D-19F7-42BF-B22E-C53F65A2240C
Q16902221,"Chaudhary, Shri P.P.",Q10230,Bharatiya Janata Party,Q7127504,Pali,,,male,1953-07-12,11,Q16902221-DAC9041C-3C13-4D98-BC6C-74C7DE4C1EAD
Q16902231,Pratima Mondal,Q912899,All India Trinamool Congress,Q6167862,Jaynagar,,,female,1966-02-16,11,Q16902231-1A6AFA43-EC8C-4CF6-BB83-7074A2F8F558
Q16902233,"Chandel, Kunwar Pushpendra Singh",Q10230,Bharatiya Janata Party,Q5645332,Hamirpur,,,male,1973-10-08,11,Q16902233-CB9F9462-A3A5-462F-A6AF-9A8D02412E57
Q16902238,Rahul Kaswan,Q10230,Bharatiya Janata Party,Q5118333,Churu,,,male,1977-01-20,11,Q16902238-6B472731-AF53-4FD5-8A92-8D96A794EE9D
Q16902248,"Bohra, Shri Ramcharan",Q10230,Bharatiya Janata Party,Q6124117,Jaipur,,,male,1956-07-01,11,Q16902248-2CBAE747-17E1-4A1C-B684-99C26C9BAFE5
Q16902250,Ravindra Kushawaha,Q10230,Bharatiya Janata Party,Q11031937,Salempur,,,male,1962-12-01,11,Q16902250-5E463D11-FABC-4E7F-B403-72CDC7EEA0DA
Q16907470,"Gavit, Dr. Heena Vijaykumar",Q10230,Bharatiya Janata Party,Q6963393,Nandurbar,,,female,1987-05-28,11,Q16907470-63C020A6-DBE9-4E8A-9566-6D311D5B91E6
Q16908900,"Khadse, Smt. Raksha Nikhil",Q10230,Bharatiya Janata Party,Q7296597,Raver,,,female,1987-05-13,11,Q16908900-2052DA1B-8470-469C-A29A-BA19FF412CED
Q16910056,"Balyan, Dr. Sanjeev Kumar",Q10230,Bharatiya Janata Party,Q3630669,Muzaffarnagar,,,male,1972-06-23,11,Q16910056-A1A97375-34FC-4DCF-AABE-DF6B72AF1546
Q16910102,Satish Kumar Gautam,Q10230,Bharatiya Janata Party,Q371869,Aligarh,,,male,1972-07-01,11,Q16910102-4720B1E3-9C5A-4A79-8352-62F2557B8D52
Q16910110,"Gupta, Shri Sudheer",Q10230,Bharatiya Janata Party,Q6748216,Mandsaur,,,male,1959-05-19,11,Q16910110-1120F24F-C572-42C6-9CD6-E96B348E8EFD
Q16910135,"Swami Maharaj, Dr. Sakshi Ji",Q10230,Bharatiya Janata Party,Q7897148,Unnao,,,male,1956-01-11,11,Q16910135-87FDC379-875D-4779-8F92-0070D5DEDC7D
Q16910150,Rodmal Nagar,Q10230,Bharatiya Janata Party,Q3632253,Rajgarh,,,male,1960-12-15,11,Q16910150-E3C239E4-DA50-4A78-B7B1-D9AA54747F3C
Q16914021,"Patil, Shri Bheemrao Baswanthrao",Q3518390,BHARAT RASHTRA SAMITHI,Q8064692,Zahirabad,,,male,1955-01-01,9,Q16914021-06C30C7E-3162-46E0-A4BE-DCA4E3755807
Q16914023,"Barne, Shri Shrirang Appa",Q59177,Shiv Sena,Q6794117,Maval,,,male,1964-01-01,9,Q16914023-0BDD1396-E261-4481-9F1E-95696332EAE4
Q16914030,Chandra Prakash Joshi,Q10230,Bharatiya Janata Party,Q5102518,Chittorgarh,,,male,1975-11-04,11,Q16914030-A62021A5-DFCE-4B9B-842C-11CB4A4048AF
Q16914046,"Godse, Shri Hemant Tukaram",Q59177,Shiv Sena,Q6966848,Nashik,,,male,1970-08-03,11,Q16914046-0DED25A6-E878-47A0-AE26-4A4F3765C894
Q16914095,"Lokhande, Shri Sadashiv Kisan",Q59177,Shiv Sena,Q3763762,Shirdi,,,male,1966-01-01,9,Q16914095-B324988D-BB36-4425-8C79-DEDF60EDCFEB
Q16914118,"Saraswati, Shri Sumedhanand",Q10230,Bharatiya Janata Party,Q7513596,Sikar,,,male,1951-10-01,11,Q16914118-83317452-C93B-47C4-BE66-C9BA79C0E972
Q16914124,"Shekhawat, Shri Gajendra Singh",Q10230,Bharatiya Janata Party,Q6207835,Jodhpur,,,male,1967-10-03,11,Q16914124-F175C6F6-7B6F-4F39-8FF3-D9485DAA8302
Q16914125,"Shinde, Dr. Shrikant Eknath",Q59177,Shiv Sena,Q3763943,Kalyan,,,male,1987-02-04,11,Q16914125-953B6414-69F7-4A20-B1F4-2586EDABA321
Q16914132,"Tumane, Shri Krupal Balaji",Q59177,Shiv Sena,Q3764361,Ramtek,,,male,1965-06-01,11,Q16914132-4DBB66B1-6949-441E-B38D-3319290B2E59
Q16929721,"Mohammed, Shri Faizal P.P.",Q1561861,Nationalist Congress Party,Q6479803,Lakshadweep,,,male,1975-05-28,11,Q16929721-54551E01-C663-4E09-BE78-E07680C760BA
Q16938944,Pratap Chandra Sarangi,Q10230,Bharatiya Janata Party,Q4850118,Balasore,,,male,1954-11-10,11,Q16938944-EC4CFEF7-5CFC-46B8-9329-4B6DAE36C29F
Q16956874,"Kora, Smt. Geeta",Q10225,Indian National Congress,Q3632303,Singhbhum,,,female,1983-09-26,11,Q16956874-2BA79B8E-D87B-4407-B689-E925DC8FEF7E
Q16979825,Kalyan Banerjee,Q912899,All India Trinamool Congress,Q7585738,Sreerampur,,,male,1957-01-04,11,Q16979825-A2E11951-85DA-43FA-84AE-747942CB5347
Q17090446,"Singh, Shri Devendra (Alias) Bhole Singh",Q10230,Bharatiya Janata Party,Q3633316,Akbarpur,,,male,1954-04-02,11,Q17090446-8BB4FDC3-23CE-4A2A-AAD0-738133BCD970
Q17090493,"Singh, Shri Virendra",Q10230,Bharatiya Janata Party,Q4851665,Ballia,,,male,1956-10-21,11,Q17090493-274C7627-F679-452A-A461-E969AD542E2C
Q17093262,"Sonkar, Shri Vinod Kumar",Q10230,Bharatiya Janata Party,Q6378946,Kaushambi,,,male,1970-02-18,11,Q17093262-F9D54FBE-F88E-43E6-812E-CC7394F520BC
Q1749549,"Ambareesh, Smt. Sumalatha",Q327591,independent politician,Q5187868,Mandya,,,female,1963-08-27,11,Q1749549-802B0B7F-ABB6-4F54-B212-C5E43CD958E2
Q18062152,Kotha Prabhakar Reddy,Q3518390,BHARAT RASHTRA SAMITHI,Q3764036,Medak,,,male,1966-06-06,11,Q18062152-DF1634CD-FBBD-4050-AFCE-87081F74A8DF
Q18066939,Ranjanben Dhananjay Bhatt,Q10230,Bharatiya Janata Party,Q7908337,Vadodara,,,female,1962-08-10,11,Q18066939-E211E303-5FE8-4BCE-BC8A-75DAD74BB299
Q18206155,"Bapat, Shri Girish Bhalchandra",Q10230,Bharatiya Janata Party,Q7260097,Pune,,,male,1963-09-03,11,Q18206155-AE1A4281-C093-4F64-AA5B-5F625F1DBC0E
Q18327340,"Munde, Dr. Pritam Gopinath Rao",Q10230,Bharatiya Janata Party,Q4879723,Beed,,,female,1983-02-17,11,Q18327340-935FB7FD-008B-4992-9F27-C7C68592A54C
Q18687800,Chandra Prakash Choudhary,Q4729039,All Jharkhand Students Union,Q5564263,Giridih,,,male,1967-08-18,11,Q18687800-065BABB1-EBC5-4076-92FD-E7170E92A421
Q195616,Shashi Tharoor,Q10225,Indian National Congress,Q7785502,Thiruvananthapuram,,,male,1956-03-09,11,Q195616-293e1b9b-465b-5758-9d8b-bd8c286e23e9
Q20090443,"Chaudhary, Shri Pradeep Kumar",Q10230,Bharatiya Janata Party,Q12420818,Kairana,,,male,1969-03-10,11,Q20090443-C0AD08FB-082E-45A2-9E37-7A0FF0B7DAD9
Q201408,"A. Raja, Shri",Q1255973,Dravida Munnetra Kazhagam,Q3534177,Nilgiris,,,male,1963-05-10,11,Q201408-AF0E865E-363D-4F84-BDC8-C98255511823
Q20716781,"Patil, Shri Hemant Shriram",Q59177,Shiv Sena,Q2912894,Hingoli,,,male,1970-12-16,11,Q20716781-6A7F0CC5-C48D-44F3-86F1-7CA19DF9FFFB
Q20716907,"Chikhalikar, Shri Prataprao Patil",Q10230,Bharatiya Janata Party,Q3764021,Nanded,,,male,1961-08-02,11,Q20716907-193E9C06-5254-4766-B589-113F7E7879A2
Q21063237,"Ravikumar, Dr. D.",Q1255973,Dravida Munnetra Kazhagam,Q3532551,Viluppuram,,,male,1961-01-01,9,Q21063237-0B9FE6A3-5A5C-4B75-A673-DC567FBB5977
Q21538540,"Pasunoori, Shri Dayakar",Q3518390,BHARAT RASHTRA SAMITHI,Q3763938,Warangal,,,male,1967-08-02,11,Q21538540-DDE02198-B437-47D7-9083-DFE8D24AFE56
Q22004534,Dilip Ghosh,Q10230,Bharatiya Janata Party,Q6806969,Medinipur,,,male,1964-08-01,11,Q22004534-43BDF0E7-0E35-446B-9ADE-BA18889422EF
Q22277026,Hanuman Beniwal,Q7295306,Rastriya Loktantrik Party,Q6958697,Nagaur,,,male,1972-03-02,11,Q22277026-936E2993-95AF-4107-8D92-C2125DAEBD2C
Q22277581,"Dhanorkar, Shri Balubhau Narayanrao (Alias Suresh)",Q10225,Indian National Congress,Q2912408,Chandrapur,,,male,1975-05-04,11,Q22277581-3CF3DBD8-7F68-42E1-AA33-AE6BE453080F
Q22279863,"Rajenimbalkar, Shri Omprakash Bhupalsingh alias Pavan",Q59177,Shiv Sena,Q2738086,Osmanabad,,,male,1983-07-01,11,Q22279863-65129B09-BF72-4701-825B-D3D10AFA3C43
Q23884270,"Syed Imtiaz Jaleel, Shri",Q2837501,All India Majlis-e-Ittehadul Muslimeen,Q3763786,Aurangabad,,,male,1968-08-10,11,Q23884270-A2303F1C-2887-46EF-A920-3ECAC1916732
Q24037,B. Y. Raghavendra,Q10230,Bharatiya Janata Party,Q4876992,Shimoga,,,male,1973-08-16,11,Q24037-17F02E93-B4DA-4CB2-AA4B-963DE0888B0A
Q24565841,Pradyut Bordoloi,Q10225,Indian National Congress,Q1606595,Nowgong,,,male,1958-03-28,11,Q24565841-DE3054CD-F47A-4363-B8A9-030D1C974974
Q24572347,"Prasad, Shri V. Sreenivasa",Q10230,Bharatiya Janata Party,Q5069470,Chamarajanagar,,,male,1949-08-06,11,Q24572347-D238B60A-1053-44E7-927A-AB6ECB678B2D
Q24572565,Mahua Moitra,Q912899,All India Trinamool Congress,Q6437565,Krishnanagar,,,female,1976-01-01,9,Q24572565-A69A33DD-AC7C-4DE0-A70C-32AD0726130A
Q24572763,Sanjay Seth,Q10230,Bharatiya Janata Party,Q7290802,Ranchi,,,male,1961-01-01,9,Q24572763-167CBAAE-7EC4-42FE-9145-2E78A15CF6F8
Q2600379,"Sangma, Smt. Agatha K.",Q6974870,National People's Party,Q7853631,Tura,,,female,1980-07-24,11,Q2600379-72D84AFD-F13D-4AB5-AC99-967CB53832D4
Q26464772,"Jothi Mani, Ms. S.",Q10225,Indian National Congress,Q3532480,Karur,,,female,1975-08-09,11,Q26464772-6545B73C-DD26-490E-A8A3-535BB2A1562D
Q27063743,Pradan Baruah,Q10230,Bharatiya Janata Party,Q1609659,Lakhimpur,,,male,1965-04-30,11,Q27063743-1C363023-9E99-4202-8BC4-7A979F324DCA
Q2721515,Gautam Gambhir,Q10230,Bharatiya Janata Party,Q5328213,East Delhi,,,male,1981-10-14,11,Q2721515-FCA58D94-7704-47F7-BB02-FAB2E3E69F3B
Q2728775,"Gandhi, Shri Feroze Varun",Q10230,Bharatiya Janata Party,Q7193997,Pilibhit,,,male,1980-03-13,11,Q2728775-54EF033C-6601-4F86-AB05-111AF1657A7A
Q2736550,Mulayam Singh Yadav,Q1546941,Samajwadi Party,Q6736725,Mainpuri,,,male,1939-11-21,11,Q2736550-E3823EDC-56C0-4DB3-A039-8FAA0C7ED8B8
Q2739159,"Gandhi, Smt. Maneka Sanjay",Q10230,Bharatiya Janata Party,Q7636812,Sultanpur,,,female,1956-08-26,11,Q2739159-6E24BFC0-73CE-4ADB-857B-AFB7DAA469F3
Q27736384,Basanta Kumar Panda,Q10230,Bharatiya Janata Party,Q6350138,Kalahandi,,,male,1961-05-12,11,Q27736384-3FC0BAE2-1609-4D54-9ED8-0D65DD79C861
Q27916304,Kripanath Mallah,Q10230,Bharatiya Janata Party,Q1606665,Karimganj,,,male,1973-10-15,11,Q27916304-FC1D0289-9EFE-43E4-85DE-23E3F7EECAA1
Q27916484,"Gogoi, Shri Topon Kumar",Q10230,Bharatiya Janata Party,Q6278852,Jorhat,,,male,1969-03-01,11,Q27916484-747F6A69-5404-411E-8F77-215AE73A0B93
Q27922243,Pallab Lochan Das,Q10230,Bharatiya Janata Party,Q1606703,Tezpur,,,male,1978-12-31,11,Q27922243-8D1037EF-D692-424F-B7E6-62EE72F933E7
Q27947626,"Rawat, Shri Tirath Singh",Q10230,Bharatiya Janata Party,Q3632618,Garhwal,,,male,1964-04-09,11,Q27947626-DD3E4D55-AC82-4409-B0E9-5B72BA686A18
Q27947641,Dibyendu Adhikari,Q912899,All India Trinamool Congress,Q3351485,Tamluk,,,male,1976-01-01,9,Q27947641-5EF4CD30-1C64-4924-8BB1-91A3C9185518
Q28227517,Pashupati Kumar Paras,Q3634933,Lok Janshakti Party,Q3633148,Hajipur,,,female,1953-01-01,9,Q28227517-235DA282-792E-49A8-8337-0F63BED96E70
Q28408160,Nayab Singh,Q10230,Bharatiya Janata Party,Q6447358,Kurukshetra,,,male,1970-01-25,11,Q28408160-55BFEA57-0D74-432D-9D37-4AAC95D0BEDC
Q28794082,Anil Firojiya,Q10230,Bharatiya Janata Party,Q3630725,Ujjain,,,male,1971-01-01,9,Q28794082-511D41B6-015F-4D72-8791-222A986825CD
Q28794168,"Soren, Shri Sunil",Q10230,Bharatiya Janata Party,Q5313895,Dumka,,,male,,,Q28794168-BA90537D-3D87-4790-97D8-072625277BD8
Q28839772,Santosh Pandey,Q10230,Bharatiya Janata Party,Q7286332,Rajnandgaon,,,male,,,Q28839772-4A2512AC-CFE7-42E6-8A23-8F66957D269E
Q28873568,Bhagirath Choudhary,Q10230,Bharatiya Janata Party,Q4699904,Ajmer,,,male,1954-01-06,11,Q28873568-DE33E708-E399-4A1F-ACC8-20502686778C
Q28967749,"Gupta, Shri Sangamlal Kadedin",Q10230,Bharatiya Janata Party,Q7238619,Pratapgarh,,,male,,,Q28967749-E2F02130-ECB2-4EC8-BE4A-1987A5FD03FA
Q28976477,Kailash Choudhary,Q10230,Bharatiya Janata Party,Q4861268,Barmer,,,male,1973-09-20,11,Q28976477-12CFA7F3-9BD8-4AC6-AC0B-6DFCD3ABAE40
Q29001847,Akshaibar Lal,Q10230,Bharatiya Janata Party,Q4842725,Bahraich,,,male,1947-01-01,11,Q29001847-3AEF093F-E0C0-4CAB-A506-8092C394E65C
Q29452267,Gurjeet Singh Aujla,Q10225,Indian National Congress,Q4748702,Amritsar,,,male,1972-10-30,11,Q29452267-74A8FCCC-CDBB-48E2-8C4D-61088FA63327
Q30122107,Abdul Khaleque,Q10225,Indian National Congress,Q1606606,Barpeta,,,male,1971-02-01,11,Q30122107-0C4DB0CD-3FE1-4091-BD02-C18C5B6FA985
Q31381141,"Parthiban, Shri S.R.",Q1255973,Dravida Munnetra Kazhagam,Q3532569,Salem,,,male,,,Q31381141-0DFC5C58-2051-4613-818B-E2E05D45E9F9
Q3210225,Asaduddin Owaisi,Q2837501,All India Majlis-e-Ittehadul Muslimeen,Q3764307,Hyderabad,,,male,1969-05-13,11,Q3210225-CE77AD18-2DE8-484E-A1EF-CCA948BFECE1
Q33635,Hema Malini,Q10230,Bharatiya Janata Party,Q3634234,Mathura,,,female,1948-10-16,11,Q33635-B7CA5099-1445-46E2-8FBC-39FB291F4269
Q3504520,"Gadkari, Shri Nitin Jairam",Q10230,Bharatiya Janata Party,Q3764455,Nagpur,,,male,1957-05-27,11,Q3504520-C85963E4-023A-41E8-A379-6ACCF9C1315C
Q3506475,"Singh, Shri Raj Nath",Q10230,Bharatiya Janata Party,Q6697765,Lucknow,,,male,1951-07-10,11,Q3506475-74C114EF-70AE-4E97-8571-B5754D151BEF
Q3517911,Farooq Abdullah,Q1626979,Jammu & Kashmir National Conference,Q7586418,Srinagar,,,male,1937-10-21,11,Q3517911-2DD472E7-99DF-4FCC-B715-907464F45101
Q3520052,Arjun Munda,Q10230,Bharatiya Janata Party,Q6403035,Khunti,,,male,1968-01-05,11,Q3520052-6D85259B-3848-4D73-9E7C-07416F131B21
Q3522405,"Nishank, Dr. Ramesh Pokhriyal",Q10230,Bharatiya Janata Party,Q5657364,Haridwar,,,male,1958-08-15,11,Q3522405-0498F5F3-71E2-41F3-991C-17A362F0C386
Q3523083,"Maran, Thiru Dayanidhi",Q1255973,Dravida Munnetra Kazhagam,Q3532474,Chennai Central,,,male,1966-12-05,11,Q3523083-A3A75433-BA1B-41BA-AC5D-DE29ABC60E22
Q3532452,"Palanimanickam, Shri S.S.",Q1255973,Dravida Munnetra Kazhagam,Q3534230,Thanjavur,,,male,1950-08-15,11,Q3532452-BCDE8552-C10D-4732-946E-A1812E7FC6A4
Q3532818,S. Venkatesan,Q234277,Communist Party of India (Marxist),Q3534013,Madurai,,,male,1970-03-16,11,Q3532818-BB0D0804-7782-46F1-85E0-54D67FD91247
Q3534034,"Baalu, Shri Thalikkottai Rajuthevar",Q1255973,Dravida Munnetra Kazhagam,Q3534197,Sriperumbudur,,,male,1941-06-15,11,Q3534034-58D263D7-3C79-4970-88EB-1EB504EDA849
Q3595242,Shatrughan Sinha,Q912899,All India Trinamool Congress,Q4803541,Asansol,,,male,1945-12-09,11,Q3595242-A8DC1E5E-456A-4EE9-866B-E06C8F9DAB0A
Q3630922,Ravi Shankar Prasad,Q10230,Bharatiya Janata Party,Q7145114,Patna Sahib,,,male,1954-08-30,11,Q3630922-AA622607-1061-453C-9C1F-4D3E657587BE
Q3634892,Rajiv Pratap Rudy,Q10230,Bharatiya Janata Party,Q7423046,Saran,,,male,1962-03-30,11,Q3634892-C4F28314-392D-434F-BD4C-90D5969B9CEA
Q3652147,"Rana, Smt Navneet Ravi",Q327591,independent politician,Q3764491,Amravati,,,female,1986-01-03,11,Q3652147-604C17BD-92D4-4C10-8F09-6DADB2CD6FF3
Q377312,"Thirumaavalavan, Dr. Tholkappiyan",Q7928160,Viduthalai Chiruthaigal Katchi,Q3533974,Chidambaram,,,male,1962-08-17,11,Q377312-16F27044-4064-474C-9581-4B481B5F24AA
Q4285853,Bhartruhari Mahtab,Q859993,Biju Janata Dal,Q5196922,Cuttack,,,male,1957-09-08,11,Q4285853-a3d8511a-4bfa-f5e3-ee15-02bc268fe3d6
Q43078589,Ritesh Pandey,Q803681,Bahujan Samaj Party,Q4741186,Ambedkar Nagar,,,male,1981-04-23,11,Q43078589-8D312BA1-79A5-47F1-B1A4-3FF27ABC0F1B
Q4647242,Adv. A. M. Ariff,Q234277,Communist Party of India (Marxist),Q3595510,Alappuzha,,,male,1964-05-20,11,Q4647242-8bc8e4d9-4162-ddd9-0606-8d0d2e954674
Q4647643,A. Chellakumar,Q10225,Indian National Congress,Q3534043,Krishnagiri,,,male,,,Q4647643-806BC89F-307F-41A3-9710-827BA5182A3E
Q4647813,"Ganeshamurthi, Shri A.",Q195119,Marumalarchi Dravida Munnetra Kazhagam,Q5395251,Erode,,,male,1947-06-10,11,Q4647813-0D8D9126-7414-4B35-9464-037A5D8203DC
Q46602113,"Vanga, Smt. Geetha Viswanath",Q8046035,YSR Congress Party,Q3764050,Kakinada,,,female,1964-03-01,11,Q46602113-67FF658B-D414-4455-BFA7-521235BBD978
Q4667463,Abhishek Banerjee,Q912899,All India Trinamool Congress,Q5270807,Diamond Harbour,,,male,1987-11-07,11,Q4667463-2AA5C1C9-647B-4F2D-ACD8-04E288F8FCBB
Q4670199,Abu Hasem Khan Choudhury,Q10225,Indian National Congress,Q6742775,Maldaha Dakshin,,,male,1938-01-12,11,Q4670199-7715E08E-E217-48AB-910E-9986C2CA3F88
Q467231,"Karunanidhi, Smt. Kanimozhi",Q1255973,Dravida Munnetra Kazhagam,Q3534206,Thoothukudi in Tamil Nadu,,,female,1968-01-05,11,Q467231-0EAB1262-180A-4236-B55B-43F3716AC9F7
Q4673984,"Samanta, Shri Achyutananda",Q859993,Biju Janata Dal,Q11679513,Kandhamal,,,male,1965-04-19,11,Q4673984-d8c21338-4875-5b2d-e30f-2608bd41e7c8
Q4682540,Adhir Ranjan Chowdhury,Q10225,Indian National Congress,Q4842446,Baharampur,,,male,1956-04-02,11,Q4682540-13BEB4E4-AC69-4A39-AC05-0FA2D0462333
Q4684550,"Prakash, Adv. Adoor",Q10225,Indian National Congress,Q12413298,Attingal,,,male,1955-05-24,11,Q4684550-0d7ecf26-45d5-a9dd-bad9-1c0d77caf6b0
Q4690874,Afzal Ansari,Q803681,Bahujan Samaj Party,Q5556103,Ghazipur,,,male,1953-08-14,11,Q4690874-FAA5CF0C-94ED-4CB9-A78F-816FB250CED5
Q4699629,Ajay Bhatt,Q10230,Bharatiya Janata Party,Q6959714,Nainital-Udhamsingh Nagar,,,male,1961-05-01,11,Q4699629-C7B4C92C-6564-4535-83B3-CFC879B9050E
Q47030588,Kishan Kapoor,Q10230,Bharatiya Janata Party,Q6362861,Kangra,,,male,1952-10-04,11,Q47030588-40087039-AF62-4E2E-B994-1B84E5947F3B
Q4746875,"Shah, Shri Amit Anil Chandra",Q10230,Bharatiya Janata Party,Q5520735,Gandhinagar,,,male,1964-10-22,11,Q4746875-8C578D6E-0504-47BE-AFAE-CC243793637A
Q4751466,"Hegde, Shri Anantkumar",Q10230,Bharatiya Janata Party,Q4756549,Uttara Kannada,,,male,1968-05-20,11,Q4751466-592C58F8-B87C-487A-B31C-CF8C7DFEEC5F
Q47528409,Sajda Ahmed,Q912899,All India Trinamool Congress,Q3348210,Uluberia,,,female,1962-06-22,11,Q47528409-734ADB58-7378-449A-938E-D8117BCDB3AA
Q47545347,"Chidambaram, Shri Karti P.",Q10225,Indian National Congress,Q3534136,Sivaganga,,,male,1971-11-16,11,Q47545347-D92586F6-DDCA-40E0-B25C-D3D224356574
Q4775396,Anto Antony,Q10225,Indian National Congress,Q7144692,Pathanamthitta,,,male,1956-05-01,11,Q4775396-425e4247-4f52-e42d-fe94-13eaa9c1f334
Q4777709,Anubhav Mohanty,Q859993,Biju Janata Dal,Q6389017,Kendrapara,,,male,1978-12-24,11,Q4777709-a18f3fe3-49b7-9539-261b-4529009aa44d
Q4777851,Anupriya Patel,Q28924648,Apna Dal (Sonelal),Q6874958,Mirzapur,,,female,1981-04-28,11,Q4777851-83B13831-24E7-4509-B81F-571526E3CCA9
Q4777895,"Thakur, Shri Anurag Singh",Q10230,Bharatiya Janata Party,Q5645333,Hamirpur,,,male,1974-10-24,11,Q4777895-FC405955-60E5-48F8-A406-6284E8249951
Q4791582,Arjun Ram Meghwal,Q10230,Bharatiya Janata Party,Q4907311,Bikaner,,,male,1954-12-07,11,Q4791582-E742ADE0-16EC-41BA-857B-A62A49DDB502
Q4802483,Arvind Kumar Sharma,Q10230,Bharatiya Janata Party,Q7359839,Rohtak,,,male,1963-10-12,11,Q4802483-9BECA2F1-9FD7-4119-96DF-A83F014F5528
Q4805758,Ashok Kumar Rawat,Q10230,Bharatiya Janata Party,Q6875956,Misrikh,,,male,1975-11-26,11,Q4805758-79467C31-085B-44A5-979F-35ED308E6D64
Q4850108,"Vallabbhaneni, Shri Balashowry",Q8046035,YSR Congress Party,Q3765244,Machilipatnam,,,male,1968-09-18,11,Q4850108-35FCFFB8-057B-46CE-A1CA-D395203D4F32
Q4889940,"Benny, Shri Behanan",Q10225,Indian National Congress,Q3595248,Chalakudy,,,male,1952-08-22,11,Q4889940-83fee19a-49a7-5825-fc3a-99837e1e195e
Q4901045,Bhanu Pratap Singh Verma,Q10230,Bharatiya Janata Party,Q6126683,Jalaun,,,male,1957-07-15,11,Q4901045-7369ECE8-6778-4855-9B8C-21D63DE6A3F6
Q4901258,"Dabhi, Shri Bharatsinhji Shankarji",Q10230,Bharatiya Janata Party,Q7144231,Patan,,,male,1955-03-18,11,Q4901258-0D0432A5-5338-4A3A-BE5F-761A602792AC
Q4901514,"Bhavana Gawali (Patil), Ms.",Q59177,Shiv Sena,Q8050386,Yavatmal-Washim,,,female,1973-05-23,11,Q4901514-372F6947-62B8-4FDD-A6B1-673EAA40F70D
Q4967969,"Singh, Shri Brijbhushan Sharan",Q10230,Bharatiya Janata Party,Q3634204,Kaiserganj,,,male,1957-01-08,11,Q4967969-03B1879F-A615-42F7-A06E-D5CEA9642472
Q50493274,Praveen Kumar Nishad,Q10230,Bharatiya Janata Party,Q7419095,Sant Kabir Nagar,,,male,1989-02-19,11,Q50493274-0083BFBB-974F-4E1A-B19A-3436FC971587
Q5071308,Chandra Sekhar Sahu,Q859993,Biju Janata Dal,Q7255284,Berhampur,,,male,1950-07-07,11,Q5071308-1F6E0B27-433E-4A28-8870-1C4A06389EFE
Q5071367,"Patil, Shri C. R.",Q10230,Bharatiya Janata Party,Q6982569,Navsari,,,male,1955-03-16,11,Q5071367-E1919757-B82F-46FB-9CD7-32AAC3C71D2B
Q5094796,Chhatar Singh Darbar,Q10230,Bharatiya Janata Party,Q3634185,Dhar,,,male,1954-01-08,11,Q5094796-945EB713-7511-4A43-AC77-8040AC59340E
Q5105446,Choudhury Mohan Jatua,Q912899,All India Trinamool Congress,Q6787367,Mathurapur,,,male,1938-06-09,11,Q5105446-BB2488B3-526E-454A-9D95-854AE9323509
Q5225537,"Jardosh, Smt. Darshana Vikram",Q10230,Bharatiya Janata Party,Q7645435,Surat,,,female,1961-01-21,11,Q5225537-DBCD39E8-8E59-4A3C-B28B-43DC4036FB6E
Q5266378,"Adhikari, Shri Deepak (Dev)",Q912899,All India Trinamool Congress,Q5555886,Ghatal,,,male,1982-12-25,11,Q5266378-B448FC82-46D5-4E36-B194-CB9B7AE3005F
Q5278070,Dinesh Chandra Yadav,Q904827,Janata Dal (United),Q6727343,Madhepura,,,male,1951-07-01,11,Q5278070-1B87F926-1E48-4114-B8C3-54E159DC4084
Q5278091,Dinesh Lal Yadav,Q10230,Bharatiya Janata Party,Q16193457,Azamgarh,,,male,1980-02-02,11,Q5278091-939571F9-FB4C-4BE4-BB98-6EC805415238
Q5285012,"Kumari, Km. Diya",Q10230,Bharatiya Janata Party,Q7286417,Rajsamand,,,female,1971-01-30,11,Q5285012-FC8BEFBE-AE85-4531-A897-23E2043D426C
Q5316897,Dushyant Singh,Q10230,Bharatiya Janata Party,Q12429782,Jhalawar,,,male,1973-09-11,11,Q5316897-CFEB5E1E-1095-42C9-8106-3E1046265AE3
Q5322167,E. T. Mohammed Basheer,Q3196786,Indian Union Muslim League,Q3595235,Ponnani,,,male,1946-07-01,11,Q5322167-17f81f10-46bb-002f-ccca-b229506412c6
Q53568103,Gopal Jee Thakur,Q10230,Bharatiya Janata Party,Q5222212,Darbhanga,,,male,1969-10-15,11,Q53568103-C38FEF51-F86F-4178-9F9A-747784BB2C37
Q5429402,Faggan Singh Kulaste,Q10230,Bharatiya Janata Party,Q3630763,Mandla,,,male,1959-05-18,11,Q5429402-1CBE64BA-2339-4ED2-BCA5-303463E0D47B
Q5483930,"Sardinha, Shri Francisco Cosme",Q10225,Indian National Congress,Q7567370,South Goa,,,male,1946-04-15,11,Q5483930-39709CDA-F305-482F-857C-56B89897E06A
Q54861051,"Gavit, Shri Rajendra Dhedya",Q59177,Shiv Sena,Q7127479,Palghar,,,male,,,Q54861051-6871172D-6069-4710-9605-784415F304D2
Q55099428,Abu Taher Khan,Q912899,All India Trinamool Congress,Q6939683,Murshidabad,,,male,1963-01-01,9,Q55099428-7CFD875B-9E3E-4F4A-B72B-E0F91A44F7B2
Q5512089,"Basavaraj, Shri Gangasandra Siddappa",Q10230,Bharatiya Janata Party,Q5245318,Tumkur,,,male,1941-05-04,11,Q5512089-2D47C23B-A5C2-45DF-AE21-563D48D0DD8C
Q5512319,"Gangapuram, Shri Kishan Reddy",Q10230,Bharatiya Janata Party,Q3764327,Secunderabad,,,male,1964-06-15,11,Q5512319-308CE817-6F87-42AA-87B4-78769300CA52
Q5517547,"Kirtikar, Shri Gajanan Chandrakant",Q59177,Shiv Sena,Q6935311,Mumbai North West,,,male,1943-09-03,11,Q5517547-5202B2D8-B2A0-45F3-B34F-84B0749BCAF3
Q5520852,Ganesh Singh,Q10230,Bharatiya Janata Party,Q10818660,Satna,,,male,1962-07-02,11,Q5520852-27EC0995-9E75-49AC-A669-4066551B7D0F
Q5564257,Giridhari Yadav,Q904827,Janata Dal (United),Q4856235,Banka,,,male,1961-04-14,11,Q5564257-1E28BC56-7B4E-4ADA-B335-F840FF018C5D
Q5615305,"Ajgalley, Shri Guharam",Q10230,Bharatiya Janata Party,Q6154769,Janjgir,,,male,1967-04-30,11,Q5615305-7C32A5B6-AEAA-4546-909B-C4849AA32C8F
Q5628624,"Vijayakumar (Alias) Vijay Vasanth , Shri",Q10225,Indian National Congress,Q12418045,Kanyakumari,,,male,1950-04-14,11,Q5628624-43DE82F3-707C-428A-861A-D224F81190E2
Q56290171,Malook Nagar,Q803681,Bahujan Samaj Party,Q3633391,Bijnor,,,male,,,Q56290171-83DD1E17-1672-4B87-869C-EC877F250612
Q5650648,Hans Raj Hans,Q10230,Bharatiya Janata Party,Q7057245,North West Delhi,,,male,1953-11-30,11,Q5650648-58B64F5B-E3C0-4BA5-B67E-CCD88B1BA8D8
Q57313626,"Nath, Shri Balak",Q10230,Bharatiya Janata Party,Q4738368,Alwar,,,male,1984-04-16,11,Q57313626-9588C8B7-B066-4F01-98FF-BE1DCEC6DB8E
Q57553701,"Thakur, Sadhvi Pragya Singh",Q10230,Bharatiya Janata Party,Q4901994,Bhopal,,,female,1970-02-02,11,Q57553701-51B98F64-265A-4F39-84DA-E786FAABE7F1
Q58010181,Arjun Singh,Q10230,Bharatiya Janata Party,Q4863171,Barrackpore,,,male,1962-04-02,11,Q58010181-24BA5FC4-6947-462F-89B9-391C0E0F0096
Q60609274,"Jadhav, Dr. Umesh G.",Q10230,Bharatiya Janata Party,Q4172532,Gulbarga,,,male,1959-03-24,11,Q60609274-F777491F-B0C4-4338-93D6-C14553CD44BF
Q6122270,Jagdambika Pal,Q10230,Bharatiya Janata Party,Q5289934,Domariyaganj,,,male,1950-10-21,11,Q6122270-4D6D6A79-E114-4939-8F30-38DC9DEA0719
Q6123441,Jai Prakash,Q10230,Bharatiya Janata Party,Q5656282,Hardoi,,,male,1958-04-16,11,Q6123441-8B83B89E-4E8B-4C05-A117-B11C95346430
Q61510062,Mahesh Sahoo,Q859993,Biju Janata Dal,Q5269512,Dhenkanal,,,male,1961-02-10,11,Q61510062-F2B21FDD-39B7-4BB6-9F08-5349E152C04C
Q61510092,"Deb, Shri Nitesh Ganga",Q10230,Bharatiya Janata Party,Q7255845,Sambalpur,,,male,1972-07-22,11,Q61510092-5710C749-328E-4942-B158-9D2EBD49753B
Q61510153,Rajashree Mallick,Q859993,Biju Janata Dal,Q6122268,Jagatsinghpur,,,female,1964-11-03,11,Q61510153-C58E9E18-60A9-4C02-96CA-291865AEC82F
Q6161634,Jaskaur Meena,Q10230,Bharatiya Janata Party,Q5228102,Dausa,,,female,1947-01-01,9,Q6161634-A35B9605-E5A3-4BF3-966C-1A5AA0F0CB83
Q6166629,Jayadev Galla,Q2279320,Telugu Desam Party,Q3764410,Guntur,,,male,1966-03-24,11,Q6166629-333E445D-29FC-4DFD-A1B8-FD8A961E8A08
Q6203277,Jitendra Singh,Q10230,Bharatiya Janata Party,Q7877193,Udhampur,,,male,1956-11-06,11,Q6203277-3FF45298-3E82-4301-B741-03ABF8828E4F
Q62124077,Mala Roy,Q912899,All India Trinamool Congress,Q3348171,Kolkata Dakshin,,,female,1957-11-19,11,Q62124077-2ECFE584-AC7E-4E6C-903C-AAA027B9F694
Q62131512,Queen Oja,Q10230,Bharatiya Janata Party,Q1606633,Gauhati,,,female,1950-11-20,11,Q62131512-D36352C7-470A-4F23-B043-74D58D9EEACF
Q62559369,Manjulata Mandal,Q859993,Biju Janata Dal,Q4900550,Bhadrak,,,female,1976-01-01,9,Q62559369-565B4B99-4D79-49BE-AFFC-0C73A284873A
Q62559456,"Sethi, Smt. Sarmistha Kumari",Q859993,Biju Janata Dal,Q6124378,Jajpur,,,female,1974-02-04,11,Q62559456-9C362069-A48D-42AF-97D4-3C1D0F41718F
Q62570959,Rajmohan Unnithan,Q10225,Indian National Congress,Q3595257,Kasaragod,,,male,1956-01-01,9,Q62570959-d87af1a7-4dea-5b85-9d51-abaf38ddda77
Q62604398,Sanjay Bhatia,Q10230,Bharatiya Janata Party,Q6372812,Karnal,,,male,1967-01-21,11,Q62604398-2FCE8D5D-9480-4863-B578-8B1EBC43F748
Q62605087,"Vishnu Prasad, Dr. M.K.",Q10225,Indian National Congress,Q3533589,Arani,,,male,1976-01-01,9,Q62605087-6B3F02C1-9AA4-4FA6-8A7D-9A89EC3316E2
Q62662902,"Murmu, Ms. Chandrani",Q859993,Biju Janata Dal,Q11059079,Keonjhar,,,female,1993-06-16,11,Q62662902-75EB4420-4696-41A3-B4B5-6284F0C566A6
Q62711224,"Kotak, Shri Manoj Kishorbhai",Q10230,Bharatiya Janata Party,Q6935309,Mumbai North East,,,male,1972-12-25,11,Q62711224-AE3E7913-109E-49F3-BE41-34E195AD3901
Q62773778,"Nath, Shri Nakul K.",Q10225,Indian National Congress,Q5094902,Chhindwara,,,male,1974-06-21,11,Q62773778-D51403B6-77D3-4CDF-A71C-9E49785FF375
Q6298726,Jual Oram,Q10230,Bharatiya Janata Party,Q7639274,Sundargarh,,,male,1961-03-22,11,Q6298726-82675F57-92C3-4373-B787-D07FC19FED5E
Q63079548,"Ulaka, Shri Saptagiri Sankar",Q10225,Indian National Congress,Q6431426,Koraput,,,male,1979-01-01,11,Q63079548-1b82489b-4b0c-d39b-8bc8-3b9eafed7b56
Q63091672,"Haridas, Ms. Ramya",Q10225,Indian National Congress,Q4708818,Alathur,,,female,1987-01-01,9,Q63091672-0a7ad0f4-4ff8-2d0a-f72a-2aac236319a4
Q63107416,"Revanna, Shri Prajwal",Q1601619,Janata Dal (Secular),Q5679532,Hassan,,,male,1990-08-05,11,Q63107416-AFF214A9-6365-4EE5-8B7D-49AD94A51740
Q6324031,K. Subbarayan,Q837159,Communist Party of India,Q7809406,Tiruppur,,,male,1947-08-10,11,Q6324031-204368D3-F292-4C0A-B24F-297B6310406F
Q6324044,"Sudhakaran, Shri Kumbakudi",Q10225,Indian National Congress,Q3595261,Kannur,,,male,1948-05-11,11,Q6324044-A8418743-3BD2-4938-8BF3-E3B59D879320
Q63349258,"Singh, Shri Atul Kumar",Q803681,Bahujan Samaj Party,Q5557002,Ghosi,,,male,1982-02-20,11,Q63349258-63617F40-AB89-4C6F-85F5-2F0C41D59F79
Q6349597,"Dastidar, Dr. (Smt.) Kakoli Ghosh",Q912899,All India Trinamool Congress,Q4858448,Barasat,,,female,1959-11-23,11,Q6349597-92D6E5D3-BD57-415B-9724-7D7B131C3ACA
Q6360339,"Katara, Shri Kanakmal",Q10230,Bharatiya Janata Party,Q4857164,Banswara,,,male,,,Q6360339-D74D0CE0-18C3-4A71-ADAA-65A475F3C578
Q6379313,Kavitha Maloth,Q3518390,BHARAT RASHTRA SAMITHI,Q6732720,Mahabubabad,,,female,1980-01-01,9,Q6379313-4580FE21-07F4-4532-87A2-78A301C444E5
Q63992296,Aparajita Sarangi,Q10230,Bharatiya Janata Party,Q4902092,Bhubaneswar,,,female,1969-10-08,11,Q63992296-FE83B887-002F-4C02-A864-8BBEBB2F8BD2
Q63992380,Horen Sing Bey,Q10230,Bharatiya Janata Party,Q1606679,Autonomous District,,,male,1970-02-05,11,Q63992380-49D6E257-E7F5-48DF-AA7C-AFD51136410D
Q63992659,"Surya, Shri L.S. Tejasvi",Q10230,Bharatiya Janata Party,Q6509948,Bengaluru South,,,male,1990-11-16,11,Q63992659-563B989B-96DC-40FE-8AB4-7105504F67DE
Q63992931,Shantanu Thakur,Q10230,Bharatiya Janata Party,Q4855093,Bangaon,,,male,1982-08-03,11,Q63992931-A09FEDE9-6FFD-486A-9F6F-B73FA4826C5C
Q63993038,John Barla,Q10230,Bharatiya Janata Party,Q4726846,Alipurduars,,,male,1975-08-08,11,Q63993038-E52F2B78-7C16-439E-8D46-1F393B5767FB
Q63993254,"Yadav, Dr. Krishnapal Singh",Q10230,Bharatiya Janata Party,Q3634168,Guna,,,male,1976-01-15,11,Q63993254-CC1B6CB2-669C-450F-A2AC-BFE392163818
Q63993335,Kavita Singh,Q904827,Janata Dal (United),Q7532526,Siwan,,,female,1976-03-05,11,Q63993335-FFD3764C-1CFD-4CD6-BC20-C30A6256C58A
Q63993584,"Duggal, Smt. Sunita",Q10230,Bharatiya Janata Party,Q7530618,Sirsa,,,female,1968-04-29,11,Q63993584-954BA28D-FC4C-4766-86EF-126265E0BDA0
Q63993592,"B.N. , Shri Bache Gowda",Q10230,Bharatiya Janata Party,Q5097405,Chikballapur,,,male,1942-10-01,11,Q63993592-415c8efa-428a-4986-67d4-4f79061cc73d
Q63993625,"Kashyap, Shri Suresh Kumar",Q10230,Bharatiya Janata Party,Q7496887,Shimla,,,male,1971-03-23,11,Q63993625-229D8700-C108-4866-AE3F-7EC5F7A4E506
Q63993660,Narendra Kumar,Q10230,Bharatiya Janata Party,Q6191216,Jhunjhunu,,,male,,,Q63993660-44101B9D-8F81-477F-BE5C-2F96B09006D7
Q63997603,"Kuriakose, Adv. Dean",Q10225,Indian National Congress,Q3595503,Idukki,,,male,1981-06-27,11,Q63997603-FDCC8538-077B-411E-9ED0-17C39F2D1707
Q63998496,Bharati Pravin Pawar,Q10230,Bharatiya Janata Party,Q5278011,Dindori,,,female,1978-09-13,11,Q63998496-17A5AF50-D7E5-4A85-91C1-305F1BD3A65B
Q63999061,"Rajkumar, Dr. Ranjan Singh",Q10230,Bharatiya Janata Party,Q6035471,Inner Manipur,,,male,1952-09-01,11,Q63999061-8E2D43E9-B041-4651-AC86-38F52150CF42
Q63999107,"Pujari, Shri Suresh Kumar",Q10230,Bharatiya Janata Party,Q4860546,Bargarh,,,male,1961-01-01,9,Q63999107-E89879CF-2405-44C5-9431-0B44567B0E35
Q64000578,"Annadurai, Shri C.N.",Q1255973,Dravida Munnetra Kazhagam,Q7809457,Tiruvannamalai,,,male,,,Q64000578-7c1f1ee5-40b7-8be8-734d-db2549301cf9
Q64001706,"Hasan, Dr. S.T.",Q1546941,Samajwadi Party,Q3635773,Moradabad,,,male,1958-06-02,11,Q64001706-14FB6A29-C6EF-44DE-91D3-349093985E23
Q64001861,Rebati Tripura,Q10230,Bharatiya Janata Party,Q7843852,Tripura East,,,male,1976-01-01,11,Q64001861-0AFB2762-DA5C-479B-8607-BC23DB38038D
Q64001930,"Maurya, Dr. Sanghamitra",Q10230,Bharatiya Janata Party,Q4840644,Badaun,,,female,1985-01-03,11,Q64001930-18F129CF-14C7-40A9-AD53-7C2A15503994
Q64002252,"Pathak, Shri Subrat",Q10230,Bharatiya Janata Party,Q12418036,Kannauj,,,male,1979-06-30,11,Q64002252-611879E3-110D-4281-9BB2-C12B5583A637
Q64002713,"Bholanath (B.P. Saroj), Shri",Q10230,Bharatiya Janata Party,Q6723526,Machhlishahr,,,male,1961-01-01,11,Q64002713-785C3C95-FD1B-4216-B47F-93A7F5A51FFC
Q64002928,Khagen Murmu,Q10230,Bharatiya Janata Party,Q6742776,Maldaha Uttar,,,male,1960-02-02,11,Q64002928-C9099829-5916-4380-BF04-C758E5927225
Q64003250,"Sarkar, Dr. Subhas",Q10230,Bharatiya Janata Party,Q4856799,Bankura,,,male,1953-12-25,11,Q64003250-FF406604-A4FA-48D3-A66C-D5651A604EE5
Q64003284,"Chaudhuri, Km. Debasree",Q10230,Bharatiya Janata Party,Q12449852,Raiganj,,,female,1971-01-31,11,Q64003284-D7594357-E4AA-4089-8171-090B8BFC7131
Q64005461,Pramila Bisoyi,Q859993,Biju Janata Dal,Q4807113,Aska,,,female,1948-09-15,11,Q64005461-483F8522-6DFE-4069-90CC-EB0AA82CB0A7
Q64005634,"Patel, Smt. Sharda Anilkumar",Q10230,Bharatiya Janata Party,Q6733840,Mahesana,,,female,1948-03-21,11,Q64005634-4DB767E5-841A-43FB-891A-9BDDAC874792
Q64005742,"Tudu, Shri Bishweswar",Q10230,Bharatiya Janata Party,Q6798125,Mayurbhanj,,,male,1965-03-28,11,Q64005742-52C8A316-6138-4807-B343-1AEC9109A511
Q64006593,"Y, Shri Devendrappa",Q10230,Bharatiya Janata Party,Q3521014,Bellary,,,male,1951-05-07,11,Q64006593-F280BB59-03FA-4F44-BF56-0362B4478F42
Q64006756,"Abbaiah, Shri Narayana Swamy",Q10230,Bharatiya Janata Party,Q5102316,Chitradurga,,,male,1957-05-16,11,Q64006756-2DC1C072-A77B-45ED-9998-5CB8C8DB821E
Q64006781,Dhal Singh Bisen,Q10230,Bharatiya Janata Party,Q3633465,Balaghat,,,male,1952-01-01,9,Q64006781-FE1CD05D-0D8B-42DC-868F-47021DB2B0F0
Q64006784,"Patel, Shri Gajendra Singh",Q10230,Bharatiya Janata Party,Q279102,Khargone,,,male,1962-01-01,9,Q64006784-000095C9-EA5E-41F4-9D02-186D3D4735DB
Q64006793,Durga Das Uikey,Q10230,Bharatiya Janata Party,Q4899044,Betul,,,male,1963-01-01,9,Q64006793-E870A2AB-96DF-43B7-ACE8-C017FB99FDBC
Q64006796,Himadri Singh,Q10230,Bharatiya Janata Party,Q12453868,Shahdol,,,male,1961-01-01,9,Q64006796-1DC8CEAF-A3DE-4724-92A3-7B0375370D69
Q64006799,"Shejwalkar, Shri Vivek Narayan",Q10230,Bharatiya Janata Party,Q3634165,Gwalior,,,male,1947-06-13,11,Q64006799-804684E8-2228-4051-84A6-DE68E3144CC1
Q64006807,Ramakant Bhargava,Q10230,Bharatiya Janata Party,Q7928100,Vidisha,,,male,1953-01-01,9,Q64006807-C16A0F0C-1661-45BC-ABC8-888DA8742935
Q64006814,"Solanky, Shri Mahendra Singh",Q10230,Bharatiya Janata Party,Q15649259,Dewas,,,male,1984-04-11,11,Q64006814-304EF040-37F9-4BEC-BAAB-1E13503DE9EB
Q64006844,"Mane, Shri Dhairyasheel S.",Q59177,Shiv Sena,Q12460207,Hatkanangle,,,male,1981-12-23,11,Q64006844-8857EAF1-F260-4B25-8246-17C69D78F755
Q64006847,Jayanta Kumar Roy,Q10230,Bharatiya Janata Party,Q3348198,Jalpaiguri,,,male,1968-02-13,11,Q64006847-333CBF3D-A371-43AD-BF2D-AE57D184D5E4
Q64006856,"Mahato, Shri Jyotirmay Singh",Q10230,Bharatiya Janata Party,Q7261625,Purulia,,,male,1985-01-01,9,Q64006856-EC384A69-423F-4C88-9EA9-E908C049EE62
Q64006872,Asit Kumar Mal,Q912899,All India Trinamool Congress,Q4940018,Bolpur,,,male,1955-07-11,11,Q64006872-B9E5E747-B79D-40D5-B5F8-5B534F792241
Q64007567,Chinta Anuradha,Q8046035,YSR Congress Party,Q3630204,Amalapuram,,,female,1972-10-18,11,Q64007567-D572F65A-F7F4-4F47-A34D-220A618CCD95
Q64010478,"Annpurna Devi, Smt.",Q10230,Bharatiya Janata Party,Q6425227,Kodarma,,,female,1970-02-02,11,Q64010478-E6B84EA1-5A94-43F6-9079-B41F065D0603
Q64010951,"V.K. Sreekandan, Shri",Q10225,Indian National Congress,Q3595511,Palakkad,,,male,1971-01-01,9,Q64010951-bec2cbb1-4ab3-c7d2-3f1d-ebc8b94a2175
Q64011000,"Dhaduk, Shri Rameshbhai Lavjibhai",Q10230,Bharatiya Janata Party,Q7229961,Porbandar,,,male,1962-09-05,11,Q64011000-40DE34E5-5783-4B91-B30B-81FE707EFF29
Q64011002,"Munjpara, Dr. Mahendrabhai Kalubhai",Q10230,Bharatiya Janata Party,Q7645700,Surendranagar,,,male,1968-09-21,11,Q64011002-6CB73B33-3994-4017-8DEB-CDFF33B1D1B9
Q64011003,"Rathod, Shri Ratansinh Magansinh",Q10230,Bharatiya Janata Party,Q7130343,Panchmahal,,,male,,,Q64011003-4AFD2E11-EA7C-4D37-9CD4-A6CA2001CB61
Q64011010,"Rathva, Smt. Gitaben Vajesingbhai",Q10230,Bharatiya Janata Party,Q5094957,Chhota Udaipur,,,female,,,Q64011010-4EC3D63A-2F08-4B09-9F5E-23688FA2CDA4
Q64011054,"Beesetti , Dr. Venkata Satyavathi",Q8046035,YSR Congress Party,Q3630236,Anakapalli,,,female,1966-04-28,11,Q64011054-4F1ADDD6-54A0-4C55-AD1A-0FD4186E9FF9
Q64011059,Goddeti Madhavi,Q8046035,YSR Congress Party,Q3633068,Araku,,,female,1992-06-18,11,Q64011059-7F57C730-A8FD-4F89-B27B-A0295DD02BDF
Q64011064,"Kanumuru, Shri Raghu Ramakrishna Raju",Q8046035,YSR Congress Party,Q3763879,Narsapuram,,,male,1962-01-01,9,Q64011064-C681A619-9BEF-4744-9B3A-C97F639146F0
Q64011078,"Jolle, Shri Annasaheb Shankar",Q10230,Bharatiya Janata Party,Q3939251,Chikodi,,,male,1956-01-01,9,Q64011078-219786FA-AA88-431A-99E5-6C5FE743A6EC
Q64011083,Raja Amareshwara Naik,Q10230,Bharatiya Janata Party,Q4172533,Raichur,,,male,1957-06-16,11,Q64011083-BB6CE6AB-F7E1-41AF-987E-55AF1F34832D
Q64011098,"Bhoumik, Km. Pratima",Q10230,Bharatiya Janata Party,Q7843879,Tripura West,,,female,1980-01-01,9,Q64011098-44C8DEB6-D90B-417F-A2CB-8BE3E8F8B02F
Q64011108,"Majumdar, Dr. Sukanta",Q10230,Bharatiya Janata Party,Q4853085,Balurghat,,,male,1979-12-29,11,Q64011108-B51189B9-0437-4FA8-BA73-47900C274591
Q64011110,Nisith Pramanik,Q10230,Bharatiya Janata Party,Q3351420,Cooch Behar,,,male,1986-01-17,11,Q64011110-61212073-D57F-4EF7-850C-EDD3EDEA8591
Q64011113,Kunar Hembram,Q10230,Bharatiya Janata Party,Q6190927,Jhargram,,,male,1962-09-23,11,Q64011113-A4B17258-8720-4E1E-9042-01E2413D1ACE
Q64011117,"Ravindhranath, Shri P.",Q651141,All India Anna Dravida Munnetra Kazhagam,Q7781368,Theni,,,male,1980-08-15,11,Q64011117-61D6D96A-8109-4B8C-BC16-E96299EC82A0
Q64011120,"Margani, Shri Bharat Ram",Q8046035,YSR Congress Party,Q3764342,Rajahmundry,,,male,1985-05-12,11,Q64011120-C63B0889-021D-4CB1-9C63-969F557D2E6B
Q64011126,"Reddy, Shri Magunta Sreenivasulu",Q8046035,YSR Congress Party,Q3764026,Ongole,,,male,,,Q64011126-175D71C9-34A0-42E8-9EDB-39BCED4A8E11
Q64011130,S. Gnanathiraviam,Q1255973,Dravida Munnetra Kazhagam,Q3533981,Tirunelveli,,,male,1964-07-15,11,Q64011130-D2866B1E-D0DB-4C1B-A961-49EC6D0DC602
Q64011135,"K. Navas, Shri Kani",Q3196786,Indian Union Muslim League,Q3532492,Ramanathapuram,,,male,1979-05-14,11,Q64011135-4D5E5039-9D6C-4D71-B203-DDA917E12358
Q64011138,"Pothuganti, Shri Ramulu",Q3518390,BHARAT RASHTRA SAMITHI,Q3630009,Nagarkurnool,,,male,1952-08-17,11,Q64011138-231D54E9-8C94-4B99-A52B-0FFC8B9066BB
Q64011139,Venkatesh Netha Borlakunta,Q3518390,BHARAT RASHTRA SAMITHI,Q3764496,Peddapalli,,,male,,,Q64011139-9A264B72-D116-4F8B-AEC7-D20200F0198D
Q64011144,Ramprit Mandal,Q904827,Janata Dal (United),Q6190886,Jhanjharpur,,,male,1956-01-01,11,Q64011144-F5E42752-94FB-4A9B-AD87-C304B5DBBBC5
Q64011147,Raju Bista,Q10230,Bharatiya Janata Party,Q5223069,Darjeeling,,,male,1986-01-03,11,Q64011147-CBDD5168-493A-4C23-9A49-531284118589
Q64011150,Sangeeta Azad,Q803681,Bahujan Samaj Party,Q6480280,Lalganj,,,female,1981-06-24,11,Q64011150-0776518A-EA68-4817-AB59-A978D8EAA85B
Q64011153,Keshari Devi Patel,Q10230,Bharatiya Janata Party,Q7188338,Phulpur,,,female,1957-01-01,11,Q64011153-8F96E62F-53FA-4D44-88EE-701D003446D7
Q64011154,Mitesh Rameshbhai Patel,Q10230,Bharatiya Janata Party,Q4751232,Anand,,,male,,,Q64011154-1B777D27-7C9A-40DD-86CA-86AE171654B1
Q64011157,Talari Rangaiah,Q8046035,YSR Congress Party,Q3630239,Anantapuramu,,,male,1970-06-03,11,Q64011157-B59DC4D2-8DBF-4CFE-97E5-A4BC5AFD34F6
Q64011161,Kotagiri Sridhar,Q8046035,YSR Congress Party,Q3764062,Eluru,,,male,1973-01-01,9,Q64011161-B41C9751-9895-45FD-9B24-28E03AA41D53
Q64011163,Nandigam Suresh,Q8046035,YSR Congress Party,Q3630032,Bapatla,,,male,1976-06-15,11,Q64011163-4EC33119-8258-4D97-A3B3-68676F1AF502
Q64011164,"Nallakonda Gari, Shri Reddeppa",Q8046035,YSR Congress Party,Q3763885,Chittoor,,,male,1951-01-01,9,Q64011164-DB91D3D0-00C7-42CA-9DF2-186B6653DE78
Q64011169,"Bellana, Shri Chandra Sekhar",Q8046035,YSR Congress Party,Q7938017,Vizianagaram,,,male,1961-01-01,9,Q64011169-EB2A2B83-8E96-432F-923B-4D0E7CCE5FD4
Q64011176,Rajdeep Roy,Q10230,Bharatiya Janata Party,Q1606626,Silchar,,,male,1970-09-07,11,Q64011176-19C62DEB-C6A6-46D6-96D5-55D193F1B8B4
Q64011187,Jasbir Singh Gill,Q10225,Indian National Congress,Q6398926,Khadoor Sahib,,,male,1968-11-08,11,Q64011187-84B97D03-735D-4C4F-B453-FC49CC04E452
Q64011190,"Parkash, Shri Som",Q10230,Bharatiya Janata Party,Q5908015,Hoshiarpur,,,male,,,Q64011190-5F25AA36-BD16-43FB-A1DF-E95B8F41BA61
Q64011192,Ranjeeta Koli,Q10230,Bharatiya Janata Party,Q4901252,Bharatpur,,,female,1979-05-09,11,Q64011192-A9A7BC90-39AB-4F46-9907-CED01EE4C6CB
Q64011198,"Mendhe, Shri Sunil Baburao",Q10230,Bharatiya Janata Party,Q3764433,Bhandara-Gondiya,,,male,1968-01-01,9,Q64011198-9BDF1BBE-C368-4211-9EC3-2A23B19A05C9
Q64011199,"Shrangare, Shri Sudhakar Tukaram",Q10230,Bharatiya Janata Party,Q3764461,Latur,,,male,1962-05-05,11,Q64011199-86F827B7-F59F-4A5A-9C4B-08C31250296B
Q64011200,"Mahaswamiji, Dr. Jaisiddeshwar Shivacharya",Q10230,Bharatiya Janata Party,Q3764439,Solapur,,,male,,,Q64011200-F1922FF8-E23F-47FC-AE1A-8A7F90BD3657
Q64011201,Haji Fazlur Rehman,Q803681,Bahujan Samaj Party,Q7399517,Saharanpur,,,male,,,Q64011201-A180023B-10BD-4035-B5AB-693FA6F0B9BA
Q64011205,Lorho S. Pfoze,Q3277586,Naga People's Front,Q7111989,Outer Manipur,,,male,,,Q64011205-D16F36E0-3C7B-4341-B83C-A5FEC604A065
Q64011206,Kunwar Danish Ali,Q803681,Bahujan Samaj Party,Q3633418,Amroha,,,male,1975-01-01,8,Q64011206-72765B8F-D3A4-4133-B1F2-63D9054CE23E
Q64011233,"Patil, Shri Unmesh Bhaiyyasaheb",Q10230,Bharatiya Janata Party,Q6126754,Jalgaon,,,male,1978-06-24,11,Q64011233-1C3A3F92-E4D0-4039-B321-7ADE9F987DB0
Q64011248,"Lalrosanga, Shri C.",Q1126393,Mizo National Front,Q1659299,Mizoram,,,male,1957-03-01,11,Q64011248-CAA43A41-660C-40AA-A3B1-7B3F70BDB001
Q64011468,S. Muniswamy,Q10230,Bharatiya Janata Party,Q6427060,Kolar,,,male,1975-04-16,11,Q64011468-0D194065-D6AC-4F8E-984B-7BC084E4EDC8
Q64011470,Vijay Baghel,Q10230,Bharatiya Janata Party,Q3632662,Durg,,,male,1959-08-15,11,Q64011470-7EDDDD03-0C43-4AA0-A3E5-3840CCEA1CA6
Q64011471,"Sai, Smt. Gomati",Q10230,Bharatiya Janata Party,Q7283824,Raigarh,,,female,1978-05-25,11,Q64011471-452F014B-93E8-465B-8B66-724092A42459
Q64011472,"Mahant, Smt. Jyotsna Charandas",Q10225,Indian National Congress,Q6431463,Korba,,,female,1953-11-18,11,Q64011472-3186F562-11FB-455F-974D-0181B025682B
Q64011474,Mohan Mandavi,Q10230,Bharatiya Janata Party,Q12418918,Kanker,,,male,1957-05-01,11,Q64011474-694262A7-891D-4695-B4FF-DDD304896A17
Q64011476,Arun Sao,Q10230,Bharatiya Janata Party,Q4907564,Bilaspur,,,male,1968-11-25,11,Q64011476-14519D19-16E5-4F90-B1DA-BE1A5EA7FA4B
Q64011478,"Soni, Shri Sunil Kumar",Q10230,Bharatiya Janata Party,Q12449885,Raipur,,,male,1961-11-28,11,Q64011478-77753735-5C0C-48BD-8D8A-C00882757C2B
Q64011479,"Kalanidhi, Dr. Veeraswamy",Q1255973,Dravida Munnetra Kazhagam,Q3532545,Chennai North,,,male,1969-04-25,11,Q64011479-895C5BAC-09B6-4B0D-BFF2-780A09AD6DD3
Q64011482,"Pon, Dr. Gautham Sigamani",Q1255973,Dravida Munnetra Kazhagam,Q6353510,Kallakurichi,,,male,1974-04-21,11,Q64011482-AEF7108A-954F-44F5-B84F-12FB405CEB22
Q64011484,Sandhya Ray,Q10230,Bharatiya Janata Party,Q3634246,Bhind,,,female,1974-01-04,11,Q64011484-45571C2F-9F57-412A-BD4C-FF4BA46D2ABE
Q64011499,"Satyanarayana, Shri M V V",Q8046035,YSR Congress Party,Q3763974,Visakhapatnam,,,male,1966-06-25,11,Q64011499-0BA3A0E4-44EE-423F-B316-525B68C4DBEE
Q64011509,Indra Hang Subba,Q4801137,Sikkim Krantikari Morcha,Q1659321,Sikkim,,,male,,,Q64011509-B27F3C02-C679-40F5-A173-BD8094DCA042
Q64011513,"Ramesh, Shri T.R.V.S.",Q1255973,Dravida Munnetra Kazhagam,Q3534221,Cuddalore,,,male,1970-11-09,11,Q64011513-1A53BD6B-82D5-493B-95DC-5A2B784CFF71
Q64019562,Anurag Sharma,Q10230,Bharatiya Janata Party,Q3634171,Jhansi,,,male,,,Q64019562-1A5BD64C-31E7-47B3-8F86-44763A90CACF
Q64055572,"DNV Senthilkumar S, Dr.",Q1255973,Dravida Munnetra Kazhagam,Q3532436,Dharmapuri,,,male,1977-06-22,11,Q64055572-40F7B6AA-93D8-4C5E-8BFB-CB0EF9A04126
Q64060339,"Selvam, Shri Ganesan",Q1255973,Dravida Munnetra Kazhagam,Q12418931,Kancheepuram,,,male,1974-06-18,11,Q64060339-C9D112A3-4C1B-4E8C-9430-5F5DD5F1AF46
Q64078968,A.K.P. Chinraj,Q1255973,Dravida Munnetra Kazhagam,Q6961238,Namakkal,,,male,1965-01-01,9,Q64078968-254DB545-CE90-4AD2-83A9-57E6BADC3438
Q64120918,"Sen, Dr. Jadon Chandra",Q10230,Bharatiya Janata Party,Q5452174,Firozabad,,,male,,,Q64120918-D584D931-D4B4-4C9C-A0C8-6C65A8FB85D4
Q64129631,Jamyang Tsering Namgyal,Q10230,Bharatiya Janata Party,Q4252512,Ladakh,,,male,1985-08-04,11,Q64129631-6EBEEC07-0B16-4BF6-8F60-3EDB01E59F39
Q64140563,P. Velusamy,Q1255973,Dravida Munnetra Kazhagam,Q3532565,Dindigul,,,male,1967-03-30,11,Q64140563-A03339BE-ADA3-4693-B46C-0BF1BFE19E0C
Q64141221,"Lavu, Shri Sri Krishna Devarayalu",Q8046035,YSR Congress Party,Q3764443,Narasaraopet,,,male,1983-04-29,11,Q64141221-44C75B28-E721-48CF-9F5A-3953DE45D299
Q64141233,Pocha Brahmananda Reddy,Q8046035,YSR Congress Party,Q3764367,Nandyal,,,male,1958-01-01,11,Q64141233-E1E43683-753E-4EF1-BCE0-A4920252A43F
Q64141236,"Singari, Dr. Sanjeev Kumar",Q8046035,YSR Congress Party,Q3763840,Kurnool,,,male,1967-01-03,11,Q64141236-DE55232F-CD1E-43CA-ADFC-B0FA4EA033C1
Q64141244,Kuruva Gorantla Madhav,Q8046035,YSR Congress Party,Q3764429,Hindupur,,,male,1969-06-01,11,Q64141244-C382FE60-4415-4441-B510-0DAB517D572B
Q64141248,Adala Prabhakara Reddy,Q8046035,YSR Congress Party,Q3764509,Nellore,,,male,1948-10-25,11,Q64141248-726073A0-3AEC-4736-BA79-B0643AD270EB
Q64141255,"Dilip, Shri Saikia",Q10230,Bharatiya Janata Party,Q1606654,Mangaldoi,,,male,1973-09-01,11,Q64141255-56A45549-F1BB-4B2F-BBE4-552AA2765BB6
Q64141258,"Sunil Kumar Pintu, Shri",Q904827,Janata Dal (United),Q7531640,Sitamarhi,,,male,,,Q64141258-65A4362E-64EE-4602-BCEC-781D70EDD63C
Q64141260,Ashok Kumar Yadav,Q10230,Bharatiya Janata Party,Q3632704,Madhubani,,,male,1970-01-01,9,Q64141260-5D6FF7E8-F997-4D72-8D8C-5FE1937137E4
Q64141262,Dileshwar Kamait,Q904827,Janata Dal (United),Q12457988,Supaul,,,male,,,Q64141262-69FD806F-705E-400E-8CE2-A115661DCE50
Q64141264,Mohammad Jawed,Q10225,Indian National Congress,Q12419668,Kishanganj,,,male,1963-01-01,9,Q64141264-B285E204-1880-44B7-98E2-E3A3D16386D5
Q64141265,Dulal Chandra Goswami,Q904827,Janata Dal (United),Q3633289,Katihar,,,male,1967-10-08,11,Q64141265-88A7C961-93CF-4FC1-9409-E35E1BB23A36
Q64141266,Alok Kumar Suman,Q904827,Janata Dal (United),Q3633217,Gopalganj,,,male,,,Q64141266-FE6F3CAB-B639-4CE2-AC2B-B16ED62DCCA8
Q64141268,Ajay Kumar Mandal,Q904827,Janata Dal (United),Q3633257,Bhagalpur,,,male,,,Q64141268-B57A84FF-EF57-4CAB-9AEC-0D84D94BD119
Q64141269,Chandeshwar Prasad,Q904827,Janata Dal (United),Q12428505,Jahanabad,,,male,1951-07-13,11,Q64141269-5AF3D67A-9681-4A93-B318-CDFB0597B566
Q64141271,"Kumar, Shri Vijay",Q904827,Janata Dal (United),Q3633170,Gaya,,,male,1970-01-04,11,Q64141271-3A78B002-2CC4-42D3-B064-568BBAA129AB
Q64141273,Chunni Lal Sahu,Q10230,Bharatiya Janata Party,Q12446106,Mahasamund,,,male,1968-09-22,11,Q64141273-450FF804-C8F3-461D-9958-6341BC37CDD3
Q64141276,Deepak Baij,Q10225,Indian National Congress,Q4868222,Bastar,,,male,1981-07-14,11,Q64141276-DAC22271-735D-4A40-A410-6BEA569AC509
Q64141277,"Patel, Shri Hasmukhbhai Somabhai",Q10230,Bharatiya Janata Party,Q4696121,Ahmedabad East,,,male,1960-11-11,11,Q64141277-100824B9-55A4-4156-A5F2-AE524F955B74
Q64141282,Hasnain Masoodi,Q1626979,Jammu & Kashmir National Conference,Q4751497,Anantnag,,,male,1954-01-02,11,Q64141282-24BBE13C-F101-422E-81C0-B48091229F44
Q64141292,"Singh, Shri Rajbahadur",Q10230,Bharatiya Janata Party,Q7399007,Sagar,,,male,1967-01-01,9,Q64141292-F3AA5319-091C-49C2-8421-6D706F93E2A4
Q64141294,"Sharma, Shri Vishnu Datt",Q10230,Bharatiya Janata Party,Q3634359,Khajuraho,,,male,1970-10-01,11,Q64141294-553BF96D-16D6-410A-8A3E-3CC9E6658E17
Q64141350,Guman Singh Damor,Q10230,Bharatiya Janata Party,Q7295816,Ratlam,,,male,1957-04-04,11,Q64141350-7CCEF15B-1A65-4A5E-B90B-1894B9BE222D
Q64141352,Shankar Lalwani,Q10230,Bharatiya Janata Party,Q3634194,Indore,,,male,1961-01-01,9,Q64141352-999E61D5-8A7D-4059-AF6E-4FF61721901F
Q64141357,"Vikhepatil, Dr. Sujay Radhakrishna",Q10230,Bharatiya Janata Party,Q2738103,Ahmednagar,,,male,,,Q64141357-F0446B55-DB45-497E-9F09-26372CA62F6E
Q64143054,"Naik Nimbalkar, Shri Ranjeetsingh",Q10230,Bharatiya Janata Party,Q6727220,Madha,,,male,,,Q64143054-3420509A-AD02-4D22-A141-391CDF263370
Q64143084,Amar Singh,Q10225,Indian National Congress,Q5437417,Fatehgarh Sahib,,,male,1953-11-07,11,Q64143084-21AA1CE1-2B45-49A1-8216-972CA875BDB3
Q64143160,"Sundaram, Shri K. Shanmuga",Q1255973,Dravida Munnetra Kazhagam,Q3534217,Pollachi,,,male,1970-06-01,11,Q64143160-7CA1D57D-27CC-4BE7-8CEC-EED5B898CD68
Q64143173,"Kumar, Shri Dhanush M",Q1255973,Dravida Munnetra Kazhagam,Q3532578,Tenkasi,,,male,,,Q64143173-98E55576-5D1B-458D-B0F6-4AF8A2E91963
Q64143184,"Rao, Shri Soyam Bapu",Q10230,Bharatiya Janata Party,Q3630014,Adilabad,,,male,1969-01-01,9,Q64143184-D9148C04-1D2F-4008-BDAE-5444FEEEDF69
Q64143189,"Bandi, Shri Sanjay Kumar",Q10230,Bharatiya Janata Party,Q3764353,Karimnagar,,,male,1971-07-11,11,Q64143189-55537E92-EDEF-4630-BC97-325D5D8436C0
Q64143200,Arvind Dharmapuri,Q10230,Bharatiya Janata Party,Q3764335,Nizamabad,,,male,1976-08-25,11,Q64143200-DAB9196F-57DA-4514-B93F-A1AB196946A0
Q64143214,"Reddy, Dr. Gaddam Ranjith",Q3518390,BHARAT RASHTRA SAMITHI,Q5094314,Chevella,,,male,1964-09-18,11,Q64143214-4E5DBB64-945C-41E0-AD7E-857D00392BA6
Q64143222,"Manne, Shri Srinivas Reddy",Q3518390,BHARAT RASHTRA SAMITHI,Q3630208,Mahabubnagar,,,male,1959-01-02,11,Q64143222-1C7E73E1-E489-47D3-97BF-3DA046D2498E
Q64143255,Girish Chandra,Q803681,Bahujan Samaj Party,Q6958833,Nagina,,,male,1964-01-15,11,Q64143255-0D373EED-9C23-4729-A59A-CDBFC24F03C8
Q64143303,"Diler, Shri Rajveer",Q10230,Bharatiya Janata Party,Q5681557,Hathras,,,male,,,Q64143303-083DF395-21C5-4454-972B-7C597C39647D
Q64143333,Arun Kumar Sagar,Q10230,Bharatiya Janata Party,Q7461799,Shahjahanpur,,,male,,,Q64143333-84A09B6E-FD80-4A37-A875-290CD9B57BFD
Q64143338,Rajkumar Chahar,Q10230,Bharatiya Janata Party,Q5437430,Fatehpur Sikri,,,male,1967-07-10,11,Q64143338-A56704C1-EA10-4E7F-8219-971CCDBA6A84
Q64143362,"Rawat, Shri Upendra Singh",Q10230,Bharatiya Janata Party,Q3633461,Barabanki,,,male,1969-01-01,9,Q64143362-3AFCDB0C-F6C5-4410-A8ED-CF2C9BA7D812
Q64143377,Ram Shiromani Verma,Q803681,Bahujan Samaj Party,Q7503442,Shrawasti,,,male,,,Q64143377-D9E19873-8DB6-4601-8C40-A2BC73897A28
Q64143382,"Dubey, Shri Vijay Kumar",Q10230,Bharatiya Janata Party,Q12420304,Kushi Nagar,,,male,1965-01-01,8,Q64143382-53911FCC-6AE5-4B72-8E63-EC64DDC79087
Q64143401,Shyam Singh Yadav,Q803681,Bahujan Samaj Party,Q6164852,Jaunpur,,,male,1954-01-01,9,Q64143401-A6D68369-AA4D-48C7-90E4-BE4E24E18BF1
Q64143424,"Bind, Dr. Ramesh Chand",Q10230,Bharatiya Janata Party,Q4900529,Bhadohi,,,male,1975-01-01,8,Q64143424-AA9277C3-C195-47AD-A1CE-B62BF31C6CC7
Q64143443,Khalilur Rahaman,Q912899,All India Trinamool Congress,Q6154054,Jangipur,,,male,1960-09-01,11,Q64143443-3EEF70B7-289F-40D3-95C6-0C5F27578C2B
Q64143448,Jagannath Sarkar,Q10230,Bharatiya Janata Party,Q7290693,Ranaghat,,,male,1948-07-02,11,Q64143448-AEAB9DD7-8FF8-455B-8A10-48C4C4BDEC8E
Q6415053,Kiren Rijiju,Q10230,Bharatiya Janata Party,Q1659305,Arunachal West,,,male,1971-11-19,11,Q6415053-D966AC29-1A5C-4DAB-894C-745F17D53CCC
Q6416217,Kirti Vardhan Singh,Q10230,Bharatiya Janata Party,Q12424329,Gonda,,,male,1966-03-01,11,Q6416217-E77CEE01-F8FC-4288-ABB3-93359B2D2A0A
Q64172564,Brijendra Singh,Q10230,Bharatiya Janata Party,Q12460611,Hisar,,,male,,,Q64172564-06F803BB-DCE5-48A6-BD28-9E8007F3A194
Q6425330,"Kodikunnil, Shri Suresh",Q10225,Indian National Congress,Q3595483,Mavelikara,,,male,1962-06-04,11,Q6425330-ef9c80c8-4ef0-e7f7-5860-3aaf7395df8d
Q6428202,"Reddy, Shri Komati Reddy Venkat",Q10225,Indian National Congress,Q4901952,Bhuvanagiri,,,male,1965-05-23,11,Q6428202-4CD99769-8E85-4CA1-8EE8-CCACF770470E
Q6442880,Kuldeep Rai Sharma,Q10225,Indian National Congress,Q3530684,Andaman and Nicobar Islands,,,male,1967-01-01,9,Q6442880-55493A8C-666A-42F0-8B67-060D5674CA68
Q6480616,"Patel, Shri Lalubhai Babubhai",Q10230,Bharatiya Janata Party,Q5211945,Daman and Diu,,,male,1955-08-31,11,Q6480616-92C5B41A-5700-4B7D-B912-A6C18DA0F8CB
Q66459265,"Kathir Anand, Shri Durai Murugan",Q1255973,Dravida Munnetra Kazhagam,Q3534098,Vellore,,,male,1975-01-19,11,Q66459265-ff02b0a5-4b3a-ccae-17ec-2c9e646a7568
Q6665461,Locket Chatterjee,Q10230,Bharatiya Janata Party,Q12460669,Hooghly,,,female,1974-12-04,11,Q6665461-521F91E5-C87A-4B41-A89F-FA35B714A6F6
Q6712776,M. K. Raghavan,Q10225,Indian National Congress,Q3595239,Kozhikode,,,male,1952-04-21,11,Q6712776-7aeeabf3-4efd-bcc1-173b-3cd13661d516
Q6712945,M. P. Abdussamad Samadani,Q3196786,Indian Union Muslim League,Q6741311,Malappuram,,,male,1959-01-01,11,Q6712945-143D00E8-D117-4A54-899F-964377C22CB6
Q6713151,"Selvaraj, Shri Muniyan",Q837159,Communist Party of India,Q3533967,Nagapattinam,,,male,,,Q6713151-49F816F0-1B6A-451E-84B5-A0C696BB76EF
Q6732701,Mahabali Singh,Q904827,Janata Dal (United),Q6368090,Karakat,,,male,1955-04-20,11,Q6732701-CBF6553C-0AE3-4D5C-8FA7-4E57523EEBDD
Q6749490,"Tagore B., Shri Manickam",Q10225,Indian National Congress,Q3534127,Virudhunagar,,,male,1975-06-01,11,Q6749490-1E7A7DBA-E8C5-4D98-B789-778091538BD8
Q6749904,Manish Tewari,Q10225,Indian National Congress,Q4751375,Anandpur Sahib,,,male,1965-12-08,11,Q6749904-7966F8E1-638F-45F8-9C7C-11CE3A352294
Q6751197,"Tiwari, Shri Manoj Kumar",Q10230,Bharatiya Janata Party,Q7055185,North East Delhi,,,male,1971-02-01,11,Q6751197-390ACF26-AA04-4E6F-8DC2-8DA7CC2FA249
Q6809253,"Kaiser, Choudhary Mehboob Ali",Q3634933,Lok Janshakti Party,Q6398963,Khagaria,,,male,1958-05-13,11,Q6809253-10BB8A00-708A-43A0-8782-151125226844
Q6862116,"Chakraborty, Ms. Mimi",Q912899,All India Trinamool Congress,Q12428678,Jadavpur,,,female,1989-02-11,11,Q6862116-DC6A3346-D6C8-4253-B008-96CAA2503CD9
Q6891706,Mohammad Akbar Lone,Q1626979,Jammu & Kashmir National Conference,Q4858316,Baramulla,,,male,,,Q6891706-6B127C9F-7671-400A-BDB4-DC7759C6EDB5
Q6893547,"Kundariya, Shri Mohanbhai Kalyanji",Q10230,Bharatiya Janata Party,Q11222818,Rajkot,,,male,1951-09-06,11,Q6893547-6476B151-2771-43A8-88C2-1687739BFA86
Q6960784,"Reddy, Shri Uttam Kumar Nalamada",Q10225,Indian National Congress,Q3763969,Nalgonda,,,male,1962-06-20,11,Q6960784-003BEFAE-038F-49F1-9BB9-4A6F2335341B
Q6960896,Nalin Kumar Kateel,Q10230,Bharatiya Janata Party,Q5121423,Dakshina Kannada,,,male,1966-12-07,11,Q6960896-7ac8af1f-4057-b4dc-620c-85a9d4bf5462
Q6961187,Nama Nageswara Rao,Q3518390,BHARAT RASHTRA SAMITHI,Q3764091,Khammam,,,male,1957-03-15,11,Q6961187-F95ABFD3-E0DD-4F93-8351-82A6BE2EAC06
Q6965334,"Kachhadiya, Shri Naranbhai Bhikhabhai",Q10230,Bharatiya Janata Party,Q3765227,Amreli,,,male,1955-04-25,11,Q6965334-9E4B53D3-BE5F-4F00-8C79-D3F07AB2FD7F
Q6965799,Narendra Singh Tomar,Q10230,Bharatiya Janata Party,Q3663904,Morena,,,male,1957-06-12,11,Q6965799-933CD3DD-163C-4BC2-864D-6CC6CE87CC84
Q7034210,"Chauhan, Shri Nihal Chand",Q10230,Bharatiya Janata Party,Q5521052,Ganganagar,,,male,1971-02-04,11,Q7034210-311436CB-BDD1-4A8C-880B-056D331D8F5F
Q7040570,Nishikant Dubey,Q10230,Bharatiya Janata Party,Q5576233,Godda,,,male,1969-01-28,11,Q7040570-3658562F-7B0E-4E14-B11B-F910D72ED5A1
Q7070368,"Ruhi, MS. Nusrat Jahan",Q912899,All India Trinamool Congress,Q4867561,Basirhat,,,female,1990-01-08,11,Q7070368-92D4E6CA-87A9-4869-B697-688E3FF741B9
Q7089335,Om Birla,Q10230,Bharatiya Janata Party,Q6433781,Kota,,,male,1962-12-04,11,Q7089335-1E56C714-5795-49C2-974C-BF903F41884F
Q7117155,"Gaddigoudar, Shri Parvatagouda Chandanagouda",Q10230,Bharatiya Janata Party,Q4841427,Bagalkot,,,male,1951-06-01,11,Q7117155-E6FD65F9-DDB4-467D-809D-C42806443E02
Q7117466,"Natarajan, Shri P.R.",Q234277,Communist Party of India (Marxist),Q3534118,Coimbatore,,,male,1950-12-21,11,Q7117466-A72956B2-41F7-4E30-A76C-2D28E1417BB2
Q7125439,Pakauri Lal,Q28924648,Apna Dal (Sonelal),Q7352073,Robertsganj,,,male,1952-07-02,11,Q7125439-0E8C953F-2E87-474E-802A-01A8311A581E
Q7131282,"Chaudhary, Shri Pankaj",Q10230,Bharatiya Janata Party,Q6733274,Maharajganj,,,male,1958-01-01,11,Q7131282-E184D9AE-6309-4628-AC80-15A38CDBAA0E
Q7136337,"Patel, Shri Parbatbhai Savabhai",Q10230,Bharatiya Janata Party,Q3764387,Banaskantha,,,male,1948-09-04,11,Q7136337-AAE9A6B0-F887-4D77-9371-9B4358BDE9CD
Q7142068,Pashupati Nath Singh,Q10230,Bharatiya Janata Party,Q5268930,Dhanbad,,,male,1949-07-11,11,Q7142068-13F4A00C-3424-4212-B8F9-4158D029CA66
Q7194808,Pinaki Misra,Q859993,Biju Janata Dal,Q6528588,Puri,,,male,1959-10-23,11,Q7194808-3FDC517F-E234-4B16-B14B-39DD31B1D5EC
Q72192354,Prince Raj,Q3634933,Lok Janshakti Party,Q7408890,Samastipur,,,male,1989-07-07,11,Q72192354-86F7C847-9EEE-4EF7-9EBD-B45A3CF35B06
Q7228700,"Mahajan, Smt. Poonam Pramod",Q10230,Bharatiya Janata Party,Q6935308,Mumbai North Central,,,female,1980-12-09,11,Q7228700-17E4963C-F12B-4FF3-9BE4-947E0636AEB4
Q7237412,Pradeep Kumar Singh,Q10230,Bharatiya Janata Party,Q3632717,Araria,,,male,1964-12-29,11,Q7237412-1D07ECBA-8405-474D-A233-ADC026508634
Q7237724,Prahlad Singh Patel,Q10230,Bharatiya Janata Party,Q12433303,Damoh,,,male,1960-06-28,11,Q7237724-107FAC96-CECA-420C-A64A-C82474B4699B
Q7238224,"Joshi, Shri Pralhad Venkatesh",Q10230,Bharatiya Janata Party,Q5269410,Dharwad,,,male,1962-11-27,11,Q7238224-91DF0069-A2E3-49D6-948D-D5067B1B8FB9
Q7238626,"Jadhav, Shri Prataprao",Q59177,Shiv Sena,Q4996106,Buldhana,,,male,1960-11-25,11,Q7238626-0EF963D5-6EBC-47A0-8CB0-35173A5CCFB2
Q7238683,Pratibha Singh,Q10225,Indian National Congress,Q6748042,Mandi,,,female,1956-06-16,11,Q7238683-F9BF04FE-D9F9-4454-A579-1D4D059CAA12
Q7240540,Preneet Kaur,Q10225,Indian National Congress,Q7144911,Patiala,,,female,1944-10-03,11,Q7240540-C135B7B7-24D4-4DD5-9647-72348A97AC7A
Q7273764,"Patel, Shri R.K. Singh",Q10230,Bharatiya Janata Party,Q1780136,Banda,,,male,1959-07-03,11,Q7273764-799868A0-753A-4AD1-A002-1D9B91DD2A2C
Q7280187,Radha Mohan Singh,Q10230,Bharatiya Janata Party,Q7261669,Purvi Champaran,,,male,1949-09-01,11,Q7280187-E52981F1-A5B5-4365-9A78-FC4CFB1A6D19
Q7285976,Rajendra Agrawal,Q10230,Bharatiya Janata Party,Q12447565,Meerut,,,male,1949-10-02,11,Q7285976-02173E74-0AE4-422C-80C0-A32E8BD16860
Q7286098,Rajesh Verma,Q10230,Bharatiya Janata Party,Q3630783,Sitapur,,,male,1960-11-06,11,Q7286098-8E966FC3-C6EC-4260-83B8-114A6DC551E6
Q7286245,"Singh, Shri Rajiv Ranjan Alias Lalan Singh",Q904827,Janata Dal (United),Q3633242,Munger,,,male,1955-01-24,11,Q7286245-65D421DC-1042-474B-9AD5-1369F8AEB1AC
Q7286629,Rakesh Singh,Q10230,Bharatiya Janata Party,Q6109952,Jabalpur,,,male,1962-06-04,11,Q7286629-0B0633EC-944A-44CD-A617-C7FEA433AFEA
Q7288501,Ram Kripal Yadav,Q10230,Bharatiya Janata Party,Q7144222,Pataliputra,,,male,1957-10-12,11,Q7288501-96E23FE3-12E0-4A4B-8C33-5C59EBD6911A
Q7289005,Ramapati Ram Tripathi,Q10230,Bharatiya Janata Party,Q3634176,Deoria,,,male,1951-01-01,9,Q7289005-7F082F62-0B5E-4279-AFF3-3F222D69C149
Q7289386,Ramesh Chandappa Jigajinagi,Q10230,Bharatiya Janata Party,Q4907176,Bijapur,,,male,1952-06-28,11,Q7289386-0278B3C0-7535-4D91-9B8C-A72051FF9C3D
Q7289389,Ramesh Chandra Majhi,Q859993,Biju Janata Dal,Q6956755,Nabarangpur,,,male,1978-04-09,11,Q7289389-0EC49214-C334-42A9-A415-A323ADED5864
Q7293676,Rao Inderjit Singh,Q10230,Bharatiya Janata Party,Q5620004,Gurgaon,,,male,1950-02-11,11,Q7293676-17439AD0-7583-4824-8522-D2B254E95641
Q7293713,Raosaheb Dadarao Danve,Q10230,Bharatiya Janata Party,Q6126930,Jalna,,,male,1955-03-18,11,Q7293713-E993F979-860E-4E7F-B643-1FFAC2DEAD15
Q7296641,"Shukla, Shri Ravi Kishan",Q10230,Bharatiya Janata Party,Q63121240,Gorakhpur,,,male,1971-07-17,11,Q7296641-3BDC2A42-8B04-44A7-94D7-C9D8C7917A50
Q7296806,Ravneet Singh,Q10225,Indian National Congress,Q6698772,Ludhiana,,,male,1975-09-10,11,Q7296806-F89F571A-97D3-4F1D-A952-AD0FF98E1CB6
Q7317733,Anumula Revanth Reddy,Q10225,Indian National Congress,Q6743862,Malkajgiri,,,male,1969-11-08,11,Q7317733-73A8E9FC-6BC2-4EDD-B1B2-1D93FA36601B
Q7336472,"Joshi, Prof. Rita Bahuguna",Q10230,Bharatiya Janata Party,Q4730342,Allahabad,,,female,1949-07-22,11,Q7336472-22D13223-0A79-499B-AD5A-E30FD86FF6A3
Q7387556,S. Jagathrakshakan,Q1255973,Dravida Munnetra Kazhagam,Q3534088,Arakkonam,,,male,1950-08-15,11,Q7387556-AB0C3F31-D8DE-4634-938D-DBD0493A0071
Q7387753,"Baghel, Prof. S.P. Singh",Q10230,Bharatiya Janata Party,Q4693670,Agra,,,male,1960-06-21,11,Q7387753-011BCEFF-C793-4C26-9DF4-1755371C64FC
Q7387812,"Ramalingam, Shri Sellaperumal",Q1255973,Dravida Munnetra Kazhagam,Q3534106,Mayiladuturai,,,male,1945-04-24,11,Q7387812-13C8683B-1EF7-4FCB-AB83-6C978C95627E
Q7417918,Sangeeta Kumari Singh Deo,Q10230,Bharatiya Janata Party,Q4938935,Bolangir,,,female,1961-12-03,11,Q7417918-E84EE654-42ED-40AF-82F7-8F72DFBA8E9A
Q7418438,Sanjay Jaiswal,Q10230,Bharatiya Janata Party,Q7141801,Paschim Champaran,,,male,1965-11-29,11,Q7418438-261999A6-3A1F-4050-8BCD-6FDE55EA2E5C
Q7418477,Sanjay Shamrao Dhotre,Q10230,Bharatiya Janata Party,Q3764391,Akola,,,male,1959-02-26,11,Q7418477-A4230A1F-D880-4022-8F2A-90A48BD57DF0
Q7420653,"Gangwar, Shri Santosh Kumar",Q10230,Bharatiya Janata Party,Q4860392,Bareilly,,,male,1948-11-01,11,Q7420653-1C88FA49-D7F2-466E-8FD8-A1799992D83B
Q7425857,"Roy (Banerjee), Smt. Satabdi",Q912899,All India Trinamool Congress,Q4915625,Birbhum,,,female,1969-10-05,11,Q7425857-76813E12-FAE3-436E-8A6E-D3050F01A61C
Q7427196,"Ray, Prof. Sougata",Q912899,All India Trinamool Congress,Q5313570,Dum Dum,,,male,1947-08-06,11,Q7427196-C3ED848D-5347-4BE8-959E-19F392036385
Q7499405,Shivkumar Chanabasappa Udasi,Q10230,Bharatiya Janata Party,Q4628043,Haveri,,,male,1967-05-20,11,Q7499405-835BDE4F-920B-4492-86F1-FF341FEB31A4
Q7499789,"Karandlaje, Km. Shobha",Q10230,Bharatiya Janata Party,Q7877355,Udupi Chikmagalur,,,female,1966-10-23,11,Q7499789-6492AE3D-D48A-4C0F-9EA5-DB68BBE84606
Q7504125,Shriniwas Dadasaheb Patil,Q1561861,Nationalist Congress Party,Q3763891,Satara,,,male,1941-04-11,11,Q7504125-fe3aa33b-4861-3e9a-c6b3-a89a306893ad
Q7504173,"Naik, Shri Shripad Yesso",Q10230,Bharatiya Janata Party,Q12416142,North Goa,,,male,1952-10-04,11,Q7504173-16F132BB-9DAC-4D55-A254-FC9DDCD2ADB4
Q7521202,Simranjit Singh Mann,,,Q7418135,Sangrur,,,male,1945-05-20,11,Q7521202-DF282E54-5777-4015-A022-033CECB5B3A3
Q7530834,"Adhikari, Shri Sisir Kumar",Q912899,All India Trinamool Congress,Q3351410,Kanthi,,,male,1941-09-19,11,Q7530834-AF0A6E67-D921-48B2-87DE-470D20E81DCE
Q7546539,"Irani, Smt. Smriti Zubin",Q10230,Bharatiya Janata Party,Q4745924,Amethi,,,female,1976-03-23,11,Q7546539-0BE9616A-1870-4239-873F-072196BD8D3F
Q7630318,"Thirunavukkarasar, Shri Su.",Q10225,Indian National Congress,Q3532420,Tiruchirappalli,,,male,1949-05-07,11,Q7630318-0BDA7462-10F1-49E3-B1F9-FD5765FA9CE6
Q7633454,"Bhagat, Shri Sudarshan",Q10230,Bharatiya Janata Party,Q6667970,Lohardaga,,,male,1969-10-20,11,Q7633454-D66EE6C5-7EC8-4EEC-86AA-2AD81F0DBDCD
Q7633839,"Bandyopadhyay, Shri Sudip",Q912899,All India Trinamool Congress,Q6427315,Kolkata Uttar,,,male,1952-12-10,11,Q7633839-A865E7D5-F3E6-40BB-985A-A23EFBEFD8A1
Q7635786,Sukhbir Singh Badal,Q148034,Shiromani Akali Dal,Q5452175,Firozepur,,,male,1962-07-09,11,Q7635786-CBBBE3B2-E167-46E0-BA6C-383C63301BA9
Q7640353,"Tatkare, Shri Sunil Dattatray",Q1561861,Nationalist Congress Party,Q7283812,Raigad,,,male,1955-07-10,11,Q7640353-4D10D785-3751-4816-B80B-A54CEA6371E7
Q7645148,"Sule, Smt. Supriya Sadanand",Q1561861,Nationalist Congress Party,Q3764398,Baramati,,,female,1969-06-30,11,Q7645148-52254FD6-BCBC-4BDB-BCF5-ECC917E717AD
Q7645718,"Angadi, Smt. Mangal Suresh",Q10230,Bharatiya Janata Party,Q3995921,Belagavi,,,male,1955-06-01,11,Q7645718-61DF8DE2-0A75-447D-9823-FC1F37897353
Q7668536,"Prathapan, Shri T.N.",Q10225,Indian National Congress,Q3595199,Thrissur,,,male,1960-05-12,11,Q7668536-f9b1444f-4dc4-ca61-25a6-3238df8748af
Q7668609,"Paarivendhar, Dr. T. R.",Q1255973,Dravida Munnetra Kazhagam,Q3534214,Perambalur,,,male,1941-08-24,11,Q7668609-A9FE7C27-BA54-4CE2-8736-6C147F7195FA
Q7813559,"Yepthomi, Shri Tokheho",Q48733786,Nationalist Democratic Progressive Party,Q1659313,Nagaland,,,male,1952-04-01,11,Q7813559-DF9607A4-CB0F-45B2-9083-3AD83F5227DC
Q7906295,"Ve., Shri Vaithilingam",Q10225,Indian National Congress,Q3532557,Puducherry,,,male,1950-10-05,11,Q7906295-31120C62-CC86-4FE3-BF99-BE478ED9398B
Q7929176,"General (Retd.), Dr. Vijay Kumar Singh",Q10230,Bharatiya Janata Party,Q5556091,Ghaziabad,,,male,1950-05-10,11,Q7929176-F0B67231-1B79-4C23-A4C9-E605EDD0A398
Q7931993,"Pala, Shri Vincent H.",Q10225,Indian National Congress,Q7496680,Shillong,,,male,1968-02-14,11,Q7931993-F3285A65-7E95-4378-A69B-6896475315EE
Q7933694,"Kumar, Dr. Virendra",Q10230,Bharatiya Janata Party,Q7801879,Tikamgarh,,,male,1954-02-27,11,Q7933694-83932ECD-9523-4C10-B160-027CCF448A00
Q799689,"Ajmal, Maulana Badruddin",Q2542705,All India United Democratic Front,Q1606616,Dhubri,,,male,1950-02-12,11,Q799689-3C6A065F-E59B-4272-9F96-30BC9BDC0C6A
Q944546,"Deol, Shri Sunny",Q10230,Bharatiya Janata Party,Q5619909,Gurdaspur,,,male,1957-10-19,11,Q944546-0665DEAF-D985-4C27-B2B4-A625529500EB
Q982805,"Rathore, Col. Rajyavardhan Singh",Q10230,Bharatiya Janata Party,Q6124137,Jaipur Rural,,,male,1970-01-29,11,Q982805-877C7CF6-7E65-42A6-BA31-95B2AAFAFEC0
